Big Bird,1,Sesame Street,Fakeville,12345
Alexander Lynch,2,26698 Rosario Ford,Barkerborough,71759
Scott Adams,3,517 Green Square,Dianaberg,81422
Brad Jones,4,8495 Espinoza Plaza,Danielton,37705
Jill May,5,24255 Nicole Via,Underwoodland,28435
John York,6,55543 Rangel Trace,East Christopherland,89560
Jimmy Rowe,7,9530 Brian Meadow,Lake Sharonborough,47766
Linda Eaton,8,424 Grant Springs Apt. 503,North Cody,49477
Richard Carroll,9,3515 Kristen Highway,Pennyburgh,53511
Terri Pennington,10,765 Robert Ridge Apt. 960,North Anneborough,06156
Brian Horton,11,593 Sherri Fords,North Carmen,85170
Sandra Mitchell,12,990 Deanna Ville Suite 025,Jasonhaven,81144
William West,13,30150 Ashley Unions,Scottchester,02881
Brian Fernandez,14,9651 Nichols Springs,Kristinchester,43093
Kyle Johnson,15,3928 Sparks Parks,New Michelleshire,79884
Tiffany Gonzales,16,4903 Andres Bypass Suite 010,Bellfort,57244
Christopher Beasley,17,8949 Johnson Circles Apt. 397,Cassandraside,50682
Phillip Grimes,18,07800 Matthew Parkway,Rhodesside,86162
Caroline Neal,19,000 Steven Village Apt. 177,Angelastad,32533
Shari Valentine,20,3997 Hall Islands,East Brenda,28367
Nancy Harrison,21,176 Jackson Point,Schmidtfurt,26891
James Gray,22,2019 Coleman Motorway Apt. 034,Thomasport,59755
Melissa Brown,23,859 Albert Well Suite 199,Lake Laurenshire,25979
Derek Page,24,0894 John Coves Suite 236,New Regina,53533
Alan Scott,25,8910 Ashley Hollow Suite 068,Port Christine,08457
Christine Howell,26,740 Gonzalez Passage,Gouldmouth,02590
David Matthews,27,108 Valerie Views Suite 111,Michaelland,05000
Billy Smith,28,373 Amy Falls Suite 048,Kennethfurt,51131
Luke Miller,29,9095 Perez Orchard Apt. 158,Popeburgh,32719
Stacey Gray,30,59159 Potter Dam Apt. 840,Leslieburgh,54510
Sarah Matthews,31,534 Jonathan Cliff,North Jeff,46995
Debbie Moody,32,0873 Andrew Lock,West Juliamouth,34974
Jeffrey Robbins,33,0610 Ricky Coves,North Jason,79338
Barbara Reed,34,0829 Carter Avenue,Jeffreybury,59620
Reginald Hamilton,35,24942 Singleton Trail Suite 756,Brownborough,30040
Christopher Baker,36,13070 Underwood Unions Suite 759,Davidshire,02312
Blake Gibson,37,0986 Jones Plains,Lake Lawrence,48377
Shelley Jones,38,409 Kenneth Pike,New Ryanhaven,89382
Steven Hatfield,39,35010 Patricia Avenue Apt. 040,Dawnport,58343
Thomas Daniel,40,63749 Parker Stream Apt. 370,East Cindymouth,39208
Jordan Perez,41,5222 Martin Square,Leslieborough,00910
Scott Johnson,42,935 Christine Knoll,Johnsonhaven,76912
Cathy Stafford,43,6415 Johnston Cliff,Nunezstad,70469
Bradley Smith,44,8603 Vincent Cove,South Darrylshire,06543
James Howard,45,087 Calvin Junctions Apt. 759,Port Wesley,93060
Nathan Cobb,46,7297 Moore Landing Suite 120,Boydport,57978
Amy Reyes,47,861 Joseph Glen,Currymouth,68382
Phyllis Thomas,48,975 Wise Cape,Port Ashleyside,97479
Sydney Sanders,49,65546 Drew Ford,North Steven,59534
Christopher Leach,50,38218 Rose Mills Suite 402,New Nathaniel,90711
Amanda Jenkins,51,84708 Bobby Meadow,Greenport,72941
Christopher Cummings,52,5696 Moore Valleys,Port Timothyberg,72879
Cory House,53,814 Grant Prairie Suite 114,Mackbury,15581
Susan Holmes,54,0447 Melissa Shore,Lake Brittanyport,12384
Lisa Andrews,55,223 Ronald Station Apt. 816,East Amber,78193
Christine Anderson,56,0965 Henderson Mount Suite 138,Riceville,51835
Steven Perez,57,67046 Natalie Mountain Suite 761,Thomasborough,65573
Jessica Reed,58,4372 Beck Trail Apt. 018,New Cherylhaven,40227
Julie Chapman,59,1639 Richard Knolls Suite 527,Acostaside,49902
Mark Hodge,60,52170 Michele Green Suite 336,East Lori,04387
Nicolas Adams,61,61937 Flores Viaduct,North Douglasburgh,79284
Natalie Peterson,62,688 Turner Falls,New Derekfurt,52741
Phyllis Moore,63,993 Reynolds Row,Lake Matthewview,20052
Cathy Davis,64,1581 Craig Mission,Michelleside,90108
Tamara Hamilton,65,618 Donald Shores,North John,34045
Paige Norman,66,39870 Mary Square,North Stephanieside,82002
Michelle Ochoa,67,377 Ramsey Flats Suite 063,Theresaport,38498
Brian Moreno,68,7888 Wendy Estate,Charlesfort,61240
Nathaniel Johnson,69,76467 Jordan Gardens,Richardfort,11702
Gregory Fletcher,70,3115 Sarah Lane,Perezburgh,73868
Stephanie Shelton,71,93452 Martin Forks Apt. 518,North Tonya,59768
Christopher Wagner,72,79617 Robin Flat,Cooperview,81956
Randall Campbell,73,23419 Mendoza Ridge Suite 183,Coryport,75286
Randy Dorsey,74,67204 Vega Lock,Barnettland,42854
Samantha Williams,75,6232 Jesus Villages Suite 881,Lake Jordanhaven,92527
Kristin Schwartz,76,88352 Alexis Summit Apt. 656,Amandaview,38889
David Ross,77,0354 Brown Plains Suite 100,West Garymouth,28747
Michelle Martinez,78,2461 Jason Points,North Sharonborough,27499
Jennifer Powell,79,3082 Cisneros Creek,Manuelstad,59447
Tammy Stokes,80,7036 Amy Circle,Boylehaven,56304
Megan Wright,81,048 Kristina Field,Joannashire,74025
Kimberly Richards,82,99252 Anderson Row Suite 810,Jasonland,58236
Ryan Frank,83,59931 Hernandez Manors,West Christopher,06616
Jesus Brown,84,9808 Gordon Inlet Suite 469,Schultztown,49198
Amber Burton,85,2088 Curtis Fork Apt. 227,Cathyland,21992
Lauren Haas,86,77498 Laura Groves,South Caitlinborough,07838
John Donovan,87,3728 Gaines Light,South Jimmy,42817
Mary Boyd,88,37637 Joshua Stream,Chavezville,73092
Todd Foster,89,2156 Angela Manors,Porterstad,24874
Alyssa Sanders,90,207 Reed Vista,Bryantport,36124
Michele Moore,91,295 Smith Prairie Apt. 406,Port Cynthia,78262
Chelsea Day,92,626 Stewart River Suite 466,Salazarville,25287
Brianna Jones,93,1700 Morgan Rapid Suite 610,Donnaburgh,26491
Cynthia Randall,94,20752 Perez Center Suite 723,Kristentown,34248
Brandon Trevino,95,8407 Scott Mountain,Christinefurt,84919
Alexa Bush,96,380 Nicholas Road,Lake Keith,98118
Emily Johnson,97,842 Maria Vista Apt. 246,West Wendyberg,60867
Charlene Fuller,98,9420 Kenneth Rue,North Kelly,95025
Tina Garcia,99,549 Martin Mountain,Loweryborough,10794
Kristopher Ortiz,100,67248 Chapman Stravenue Apt. 233,Frazierville,06080
Wanda Robinson,101,38658 Nixon Cliffs Suite 467,Jonathanview,65213
Christopher Crawford,102,766 Joann Wells Apt. 971,West Ravenmouth,43501
Heidi Benton,103,802 John Street,New Allison,25759
Brooke Meyers,104,1511 Young Crossroad,East Ricardoville,86288
Thomas Garcia,105,3280 Ashley Glen,Mccarthybury,30446
Lauren Lawrence,106,933 Tamara River,West Kathrynbury,26256
Ronald Newton,107,280 Skinner Flats,Rhondahaven,84517
Rebekah Moore,108,332 Miguel Estate,Hillshire,80583
Brenda Sanders,109,4970 Berry Fields,Lake Aaron,20778
Patrick Lewis,110,6165 Matthew Flats Suite 087,Gordonland,52764
Juan Thomas,111,37173 Christina Loaf Apt. 068,Williamburgh,21470
Bradley Carroll,112,48695 Rebecca Pine Suite 994,Port Christopherton,93174
Bianca Craig,113,72926 Ramirez Mount Apt. 832,Robinsonfurt,40079
Robert Harris,114,437 Richardson Tunnel,Wheelerborough,40394
Richard Anthony,115,947 Roger Divide Suite 643,West Aaron,88148
Anthony Lawson,116,6684 Becker Rue,South Davidport,03312
Susan Johnson,117,6015 Jennifer Dam,South Carolshire,45942
Shelly Crawford,118,9175 Adriana Camp Apt. 795,Daniellehaven,95628
Jonathan Thomas,119,4472 Tim Light,East William,64785
Kimberly Gomez,120,53499 Brian Camp,Maryport,32692
Christina Wilson,121,481 Burns Forges Suite 464,Luisstad,85581
Mary Wright,122,08598 Curtis Corners Suite 419,North Paulaberg,60251
Michael Holland,123,333 John Mission,Stephaniefurt,36369
Tony King,124,5745 Glenda Stream,Deniseton,37445
Brenda Ross,125,12871 Lindsay Spurs,Paulside,50089
Summer Knight,126,26249 Julian Alley,Davidstad,80706
Evan Jordan,127,0352 William Square Suite 017,Whitneyton,92945
Sheri Shaw,128,15710 Cynthia Forest,Johnsonmouth,14614
Michael Davis,129,980 Sabrina Rue Apt. 725,Thomasbury,02507
Debra Hensley,130,80744 Gutierrez Expressway Suite 824,Jenniferview,65428
Kevin Hill,131,018 Edward Port,Danielmouth,52154
Deborah Watson,132,517 Davis Courts,Tammymouth,30046
James Page,133,3770 Derrick Forest Suite 764,Brianville,69958
Marco Campbell,134,66827 Jensen Turnpike,Port Mark,18504
Dr. Theresa Carter DVM,135,55009 Aguirre Camp,Port Tina,27627
Jacob Norman,136,088 Hawkins Causeway,Mariostad,16609
Angel Clark,137,623 Sarah Cape Suite 013,Lake Pamelafurt,33906
Jennifer Everett,138,9598 Jonathon Common Suite 193,West Michael,32841
Elizabeth Booth,139,444 Cindy Spur,Jamiestad,63869
Joshua Thomas,140,8859 Riley Spring,North Misty,63886
Heather Adams,141,0493 Ana Springs,Port Melissafort,99830
Paul Harris,142,641 West Vista Apt. 126,Ashleyfort,78413
Kevin Mathis,143,1525 Jacobs Mill Suite 914,Lake Jeffreyville,87291
Robert Pham,144,3159 Anderson Mission,New Amyview,20729
Renee Flores,145,2829 Rodney Dam Suite 760,Lake Shawn,36734
David Smith,146,589 Cassandra Estate,Claytonland,88514
Wesley Bradley,147,8977 Jennifer Cliffs Apt. 628,Cortezton,14895
Dr. Joshua Decker,148,782 Samuel Club,Brandonshire,88356
Michael Mcbride,149,899 Eric Islands,East Blake,68868
Laura Gibbs,150,6595 Matthew Spring Suite 247,Port Paula,90390
Heather Jones,151,63832 Garcia Shoals,West Donald,70163
Sarah Smith,152,03248 Kathy Mill Suite 550,West Erinland,49211
David Johnson,153,7786 Price Plaza,Jenniferfurt,55774
Robert Caldwell,154,935 Jeffrey Roads,South Laura,84355
Regina Lane,155,03723 Butler Well Apt. 145,Bernardport,99156
Mr. John Mclean,156,572 Angela Squares,Jasonberg,52898
Luis Arroyo,157,73780 Hill Green,East Kristinashire,24781
Mr. Jason Valentine DVM,158,06045 Wagner Tunnel Suite 234,Marieside,94208
Patricia Mathews,159,521 Clements Haven Suite 574,North Richard,65515
Brittney Hunter,160,0312 John Canyon Apt. 820,Lake Crystalchester,84003
Joshua Dixon,161,450 Scott Prairie Apt. 088,New Jessicaland,08841
Tyler Hubbard,162,973 Pollard Ranch Apt. 779,Port Jennifer,21601
Lisa David,163,7990 Brittney Wells,West Veronicaberg,42923
Matthew Robertson,164,63662 Noble Inlet,Reedstad,38071
Jesse Harrison,165,810 Justin Garden,North Rebeccaside,32348
Alicia Brown,166,2139 Brittany Stream,Millerberg,96256
Erin Griffith,167,03142 Richard Stravenue Suite 309,South Sarah,08024
Roy Curry,168,9088 Regina Brook,Michaelport,60336
Charles Mills,169,5495 Vazquez Mall,Port Jenniferborough,40887
Nicholas Mayo,170,862 Peter Falls,Port Christopherstad,33564
Adrienne Richmond,171,84607 Simpson Drive Apt. 936,Lake Michael,83946
Heather Vazquez,172,88087 Laura Alley,Harveyton,95280
Michelle Anderson,173,1559 Bruce Key,West April,83078
Andrew Hebert,174,78073 Anderson Trafficway Suite 197,East Barry,23526
Mason Smith,175,232 Kayla Island Suite 130,Jimenezhaven,64260
Amanda Rose,176,04626 Samantha Manors Apt. 162,North Richardshire,11500
Adam Johnson,177,493 Ashley Well,Lake Teresa,08206
Barbara Orozco,178,11128 Wilson River Suite 365,Brendahaven,74874
Suzanne Steele MD,179,85634 Lynn Harbors Suite 287,North Katie,72429
Kimberly Zimmerman,180,595 Jasmine Mountains,North Earlfurt,01202
Kimberly Page,181,845 Parsons Estates,East Martinport,93426
Hayden Jordan,182,974 Luis Mill Suite 087,Gallagherborough,98435
Jessica Meza,183,00541 Gray Inlet Suite 009,New Jasonfurt,40620
Shannon Diaz,184,605 Warner Knoll Apt. 757,Lake Lisastad,21034
Christopher Pratt,185,752 David Fords Apt. 318,Sanchezshire,74803
Carrie Medina,186,746 Snyder Spur Apt. 965,Adamfurt,48405
Christine Moore,187,847 Rachel Roads Suite 616,Phillipsbury,86498
Kyle Glover,188,354 Andrea Avenue,Simpsonville,57164
George Chambers,189,0437 Jessica Circles,Teresaview,62438
Michael Schultz,190,37075 Jennings Club Suite 179,Patrickborough,90840
Joseph Oliver,191,9043 Beasley Grove Suite 469,South Michelle,58976
Daniel Jones,192,22697 Pierce Mews,Smithstad,05668
William Martinez,193,853 Kyle Turnpike,New Ashleybury,59690
Rebecca Griffin,194,844 Peters Mews,East Jamie,38013
Mr. Edward Perez MD,195,3211 Jeffrey Point,Reedview,10797
Sarah Barton,196,116 Stacie Lakes Apt. 684,Spencerfort,65783
Tammy Miller,197,9224 Kathryn Glen,Mariamouth,47353
Ronnie Morales,198,020 Gutierrez Springs,Nicholsberg,24378
Kevin Smith,199,8954 Angela Plains Suite 635,New Ambertown,76835
Holly Lopez,200,65231 Rodney Skyway Apt. 506,Port Maureenchester,23768
Priscilla Davis,201,88406 Laura Underpass,Port Julieton,24692
Bryan Park,202,70205 Danielle Lights Suite 152,Manuelville,73229
Jessica Webb,203,407 Michelle Heights Suite 331,Townsendberg,82694
Allison Lyons,204,001 Monica Lock Suite 431,Thompsonville,66617
Adrienne Collins,205,299 Lindsey Shoal Suite 530,Lake Traceyport,78337
Dr. David Serrano MD,206,120 Adrian Roads,Cardenasview,90940
Jacob Wyatt,207,3339 Walter Harbors,Marioborough,37864
Tammy Rodriguez,208,0023 Sheppard Well,Kimberlyside,96984
Jonathan Dickerson,209,3009 Collins Trail,Davisside,64660
Shelia Williams,210,025 Shawn Squares Suite 250,Port Staceyburgh,17142
Jason Lopez,211,617 Robinson Valley Suite 287,West Matthew,49798
Allison Church,212,342 Jones Park,Cynthiashire,44634
Laurie Rogers,213,2199 Michael Land,Bradville,68367
Suzanne Oliver,214,6545 Kevin Ports,Port Maryberg,10965
Charles Shields,215,024 Jonathan Mills,West Thomas,94651
Kimberly Clark,216,44358 Montgomery Square,Davisshire,71773
Steven Weber,217,397 Romero Views Suite 082,North Jaclyn,61995
James Jensen,218,5147 Gonzalez Drives Suite 424,Christianfurt,36475
Toni Tanner,219,59719 Hernandez Road,Woodside,52060
Sara Webster,220,29704 Green Isle,Pennyland,49927
Anna Martinez,221,762 Rebecca Terrace,North Williamburgh,38236
Ronald Bradley,222,2285 Jones Mall,Millerton,58980
Brittany Parker,223,388 Gary Pines,East Samanthaville,39917
Clifford Ramos,224,239 Anthony Lock,West Douglaschester,24279
Maria Thomas,225,46601 John Circle,West Christinashire,81769
Jody Lucas,226,5051 Ronald Ridges,North Benjaminmouth,98848
Donald Farrell,227,4717 Mark River Suite 857,East Darrell,61293
Matthew Morgan,228,905 Jay Run,Thomasland,95034
Adam Ellis,229,26412 Tamara View Apt. 136,Hallfort,20503
Kathryn Diaz,230,38858 Estes Villages,Walterston,06846
Wesley Griffin,231,252 Andrew Inlet Suite 739,East Douglas,77005
Mary Robinson,232,349 Roberson Radial Suite 521,East Charlotte,51444
Mr. Michael Nguyen,233,15437 Howard Heights,New Richardport,06874
Diana Thomas,234,56166 Vasquez Camp Apt. 246,Lake Stephen,53531
Jonathan Martin,235,36577 Shari Skyway,Port Theresahaven,99140
Jessica Cruz,236,913 Griffin Drive Suite 828,Ryanside,43234
Deborah Allen,237,5646 Mark Tunnel,South Kyle,46467
Scott Houston,238,95252 Tracey Ports,New Stanley,83699
Jordan Price,239,06328 Jessica Port Suite 142,South Philipstad,87308
Robert Brown,240,36199 Buckley Pine,Lindamouth,18886
Breanna Ayala,241,307 Alexander Pines,Perkinsburgh,34723
Stephanie Sanders,242,3396 Johnson Stream Suite 630,Warrenland,73641
Robert Garcia,243,62243 Ryan Fields Apt. 689,Port William,25441
Larry Johnson,244,313 Toni Fall,East Maryfurt,15511
Chad Gonzales,245,564 Sonya Corner Apt. 808,Chanmouth,25467
Brandon Woodard,246,5759 Munoz Stream Suite 748,Port Stephanieborough,10879
Todd Strong,247,542 Mcneil Hills,Roberthaven,55092
Shelly Smith,248,25520 Kathleen Village,Lake Juliaside,92328
Justin Hunt,249,0396 Gonzales Flat,Port Mariaburgh,49964
Olivia Calderon,250,1798 Kelsey Ferry,Lake Deborah,29533
Amanda Valenzuela,251,77211 Morgan Mills Apt. 316,Whitemouth,41895
Daniel Thompson,252,918 Lewis Mountains,South Shawnburgh,17095
Christopher Salazar,253,3070 Chaney Shoal Suite 799,Lake Brittneyberg,15466
Trevor Delgado,254,229 Adams Radial Apt. 349,Ellenfurt,30606
Nathaniel Rivera,255,6885 Kim Junctions,North Natashastad,00592
Michael Stevens,256,456 Smith Burgs Suite 875,Barnettfurt,45540
Mr. Jonathan Norton,257,286 Sarah Turnpike,New Valeriemouth,77365
Rhonda Welch,258,958 Mccann Harbors,Andrewsville,12670
David Grant,259,51285 Jones Lakes,East Jeffrey,04818
Patrick Gonzales,260,768 Carol Coves,East Elizabethton,43814
Jason Sandoval,261,5475 Guerrero Underpass Apt. 825,South Alicia,54649
Kevin Jordan,262,762 Morgan Pine Apt. 471,Maynardland,91551
Shane Salazar,263,8671 Arthur Parkways,New Caitlin,85190
Sean Daniels,264,311 Tracey Union,Port Jared,95803
Benjamin Smith,265,3225 Christopher Plains,Cherrybury,71186
Eric Moran,266,14681 Joshua Trail,South Austin,19748
Dennis Chase,267,28568 Robert Causeway Suite 062,North Gregory,41723
Nathan Castro,268,04026 Dean Grove,Cruzland,45179
Charles Smith,269,404 Smith Mill,North Paul,41091
Jacqueline Campbell,270,147 Johnson Landing Apt. 621,Port Madelinebury,55916
John Beck,271,0668 Mary Plain Suite 912,East Amyfort,51490
Brooke Williams,272,4692 Cabrera Light,Davisborough,31038
Jeffrey Harrison,273,0932 Aaron Landing Suite 601,Laurahaven,17004
Johnathan Miller,274,09804 Price Point Apt. 868,Cannonshire,54202
Tony Lowe,275,9354 Bryan Union,North Robert,14989
Mark Morrow,276,2581 Hernandez Corner,East Josephburgh,65356
Tammy Bush,277,580 Christopher Center,Port Sarah,07028
Kimberly Wood,278,484 Ramirez Plaza,Lake Kiara,35601
Ashley Riddle,279,08074 Riley Turnpike,Lisafurt,08070
Austin Payne,280,881 Crane Way Suite 040,Carlaberg,65470
Mr. Paul Gonzales,281,858 Maria Field Suite 115,West Ericfurt,98263
Candice Rose MD,282,8513 Jennifer Grove Suite 393,West Alex,91949
Eric Nguyen,283,28572 Mccormick Mountains Apt. 969,Lake Dustinfort,82190
Ronald Vasquez,284,756 Johnson Mills,Anthonystad,19949
Taylor Navarro,285,86327 Watson Point,West Leslie,78076
Brady Schroeder,286,414 Chad Center,East Robert,09655
Kendra Wells,287,2762 Leonard Squares,Allenborough,54254
Mr. Steven Anderson,288,699 Burgess Ranch,Mooreview,86725
Michael Logan,289,22349 Renee Track Apt. 445,Port Jennifer,53258
Andrew Lamb,290,2733 Kenneth Lock,West John,31101
Vanessa Pacheco,291,3335 Nicholas Ridge Apt. 836,Rasmussenstad,26203
Valerie Warren,292,114 Alyssa Mill,Wardstad,69871
Michele Gonzalez,293,268 Taylor Skyway Suite 787,West Frankburgh,83006
Brittany Yang,294,988 Hoffman Springs,South Brendaborough,84928
William Walsh,295,14793 Williams Locks Suite 863,Lake Richard,55473
Vicki Caldwell,296,6216 Eric Field Apt. 208,North John,74662
Susan Le,297,1371 Joe Way,Michellechester,67240
Erika Holder,298,17672 Anne Falls,North Jacquelinehaven,23311
Teresa Lewis,299,88001 Timothy Unions,Murrayport,72297
Victoria Morrison,300,7941 William Gateway,Maryshire,16696
Courtney White,301,7977 Anderson Creek,Boothhaven,65196
Krystal Moon,302,2523 Rogers Roads Apt. 318,West Robertland,56883
Donna Webster,303,752 Reynolds Roads,Adamshaven,61033
Christopher Smith,304,021 Simmons Ramp Apt. 375,Gardnerfurt,81073
Terry Coleman,305,5779 Mosley Haven Apt. 856,Andersonfurt,76133
Eric Baker,306,964 Roger Station Apt. 783,Frostfurt,71860
Jennifer Buck,307,45121 White Course Suite 083,Welchfort,83295
Sheila Glenn,308,967 Melvin Well Suite 368,Virginialand,43079
Laurie Mack DDS,309,620 Hogan Union,East Haleystad,45525
Ashley Sanders,310,50578 Brown Manor Apt. 211,Gregtown,26482
Alexander Brooks,311,842 Ricardo Estate Apt. 289,Port Jeffrey,38627
Ashley Thompson,312,9678 Nelson Camp Apt. 441,Jenniferview,29419
Anne Norton,313,684 Anthony Alley Suite 715,South Leahhaven,44172
Mr. James Ayala DDS,314,99721 Robert Pines Suite 411,Seanmouth,43616
Mark Lewis,315,19589 Paula Road,North Nathanstad,30606
Steve Hall,316,05463 Rebecca Lake,Camachoside,03634
Patricia Lam,317,54434 Ramos Meadows,Campbellbury,09630
Brenda Johnson,318,3375 White Passage Suite 307,Port Anthonyville,53109
Janet Casey,319,7251 Barnett Tunnel Apt. 146,Padillaview,92392
Marcus Torres,320,77812 Christine Grove,New Kathryn,39096
Howard Myers,321,2868 Sean Turnpike Apt. 654,Lake Michael,02426
Lisa Butler MD,322,0927 Philip Drive Apt. 550,North Samantha,52784
Kimberly Smith,323,700 Joanna Passage Apt. 818,Port Robert,59092
Megan Rivera,324,9821 Adams Crossroad Apt. 603,Trevorbury,69721
Adam Rodriguez,325,102 Robert Vista,Judithland,57016
Spencer Ryan,326,9037 Pamela Bypass,Fisherstad,23537
Mr. Christopher Palmer,327,1490 Matthew Flat,North Jacob,07214
James Walters,328,07530 Robertson Lock Suite 882,Kimville,32090
Kristina Davis,329,79647 Morrow Bypass,New Destinystad,68397
Eric Mendez,330,1145 Annette Corners,Charlesville,09680
Gary Walters,331,006 Kenneth Ports,West Lisa,54652
Blake Webb PhD,332,2242 Nicole Wall,Andrewton,04231
Daniel Hardy,333,693 Jose Pike,Melissaport,98467
Abigail Mitchell,334,028 Timothy Summit Suite 960,North Teresa,53743
Chad Tyler,335,1515 Shari Rapid Apt. 363,South Lindseyberg,85560
Jennifer Rivas,336,216 Farley Spurs Suite 057,Williamshire,11128
Jeffrey Sanchez,337,8574 Nelson Point Apt. 893,Port Jessicamouth,01518
Julia Diaz,338,4335 Laura Gardens Suite 027,South Lee,38891
Mary Stevenson,339,5541 Austin Rue Apt. 055,Port Michaelburgh,39655
John Morales,340,865 James Run Suite 060,West Jodi,34045
Bradley Hays,341,83217 Brittany Row Suite 308,North Matthew,69209
Cathy Payne,342,6810 Courtney Road Apt. 891,Davisview,13397
Anthony Hall,343,109 Karen Plaza,West Garrettport,54190
Brent Thompson,344,669 Kelli Centers,West Jesus,43277
Lori Williams,345,0376 Howard Isle,South Barryborough,36797
Taylor Cooper,346,674 Gibbs Pass,Hornemouth,11410
Sydney Espinoza,347,99609 David Drive Apt. 066,Marcchester,16626
Christy Chandler,348,92678 Christopher Vista Apt. 623,Lake Patriciaview,51077
Victor Vargas,349,8061 Fuller River Apt. 879,Kristenfurt,56190
Kelly Johnston,350,772 Rowe Greens,Terryborough,04479
Thomas Smith,351,933 Amber Mills Suite 403,Darrellmouth,15757
Juan Alexander,352,547 Juan Junction,Hinesmouth,86341
Heather Davis,353,63197 Morris Forge,North Matthew,23599
Jennifer Johnson,354,58439 Leah Cove,Thomasside,79029
Christina Miller,355,3042 Vasquez Motorway,Juliemouth,29207
Gregory Nelson,356,227 Ward Mall,Jamesfort,06485
Ricardo Martinez,357,394 Farrell Center Apt. 148,Port Monica,73220
Jennifer Reeves,358,533 Hunt Avenue Suite 710,Port Jennifer,77343
Donna Yang MD,359,208 Burch Highway,Royport,88042
Anthony Glenn,360,7884 Kristine Mount,East Jeff,05039
Kimberly Wolfe,361,5770 Lewis Shoal,Calderonchester,50282
Roger Harper,362,237 Davis Fall,Smithland,68810
Bryan Hinton,363,26062 Bonnie Square,Riceshire,67741
Scott King,364,7064 Meghan Spring Suite 797,Port Robertstad,61813
Stephanie Henderson,365,8443 Reid Keys Apt. 503,Marshallshire,93791
Johnny Miller,366,569 Lewis Roads,Jamesstad,85692
Lance Mason,367,0964 Alexander Fort,Reevestown,95161
Kevin Rice,368,0696 Davis Locks Suite 991,Richardton,21760
Janet Gomez,369,3374 Rachel Square,South Thomasside,78428
William Olson,370,653 Kathryn Flats,South Morgan,38930
Lucas Santos,371,8767 James Place,Port Bryan,04715
David Hobbs,372,0164 Obrien Branch Apt. 710,East Sheilaborough,26966
John Johnson,373,85366 Mueller Plaza,Pricefort,30637
Tina Parker,374,907 Moran Common Apt. 048,Kingland,23556
Ashley Lowery,375,27658 Christopher Groves,Alexview,17999
Cheryl Anderson,376,3972 Williams Points,Lisaside,47752
Joseph Jackson,377,9292 Lisa Glens Suite 534,Jacobfurt,24722
Jennifer Brown,378,0422 Hardy Stravenue Suite 472,Justinstad,89070
Jonathan Mclean,379,048 Christopher Rue,Port Rebecca,06419
Maria Lopez,380,6560 Ramos Fields Suite 053,Paulville,66853
Julie Stevens,381,8977 Rebecca Junctions,Angelachester,48589
Michael Reynolds,382,17586 Christian Plaza Suite 805,Allisonchester,02909
Amber Johnston,383,6752 Samantha Freeway Suite 172,West Brittany,08733
Joseph Stone,384,581 Mario Mall Apt. 217,New Alexandraton,54823
Lisa Torres,385,39891 Amy Squares Suite 869,North Matthew,85176
Shaun Mendoza,386,90350 Kristin Place,Willisshire,98310
Maurice Woods,387,18612 Theresa Viaduct,Hubbardberg,70291
Michael Maldonado,388,4543 Cheryl Mission Suite 496,New Erik,63132
Richard Romero,389,9639 Graham Radial,New Summerville,01574
Michelle Brown,390,926 Kelley Mews Apt. 723,Watkinsburgh,23347
Paul Olson,391,3258 Clay Freeway Apt. 375,New Adamton,74978
Antonio Wilkerson,392,76118 Collins Mews,Jamesbury,71576
Kimberly Russell,393,76595 William Rapid,Patriciamouth,38470
Kevin Rose,394,7369 Tammy Flat,Nathanborough,90855
Andrew Hall,395,618 Cochran Rest,South Sophia,83842
Mrs. Julie Harvey DDS,396,23739 Morris Dale Suite 378,Travistown,83286
Travis Dunn,397,46100 Mitchell Valley Suite 593,Lake Andreamouth,68036
Ashley Deleon,398,1588 Amy Village Apt. 908,New Amy,92772
Courtney Mcdonald,399,5728 Richardson Pass,Floresland,03592
Jeffery Reyes,400,39611 Christopher Coves Suite 048,Littleland,21750
Latasha Gibson,401,4631 William Fields Suite 865,South Maria,12175
Brandon Harris,402,025 Gillespie Parkways,Mooreborough,51448
Eric Gonzalez,403,131 Darrell Mountain Apt. 269,Jenniferport,89509
Sarah Mitchell,404,9084 Brown Cape Apt. 312,Lake Melinda,97246
Brittany Martinez,405,961 Meza Loop,Christensenfurt,40389
Anthony Jones,406,19812 Justin Grove Apt. 074,Brianville,25399
Kyle Reyes,407,315 Daniels Shores,Port Carlos,98594
John Harris,408,456 Jermaine Overpass Suite 332,West Taylor,12631
James Moore,409,530 Bryan Spring Apt. 302,Gregorystad,86901
David Graves,410,1009 Church Mall,South Timothy,35734
Daniel Rowe,411,2183 Brandon Burg Apt. 827,West Margaret,62900
Carla Armstrong,412,37282 Wanda Cape,Janicefort,14165
Phyllis Mack,413,1561 Smith Lodge Apt. 093,Travisland,96610
Jack Hale,414,48545 Shannon Streets,Lake Shawna,55375
Timothy Preston,415,1215 Merritt Drives,Bentonhaven,87958
Andre Peterson,416,8266 Kevin Creek,Franklinland,18691
James Gonzalez,417,67735 Joseph Courts,Sanchezfort,03061
Drew Collins,418,6067 Charles Extensions Suite 940,New Sandyview,11125
Pamela Williams,419,0950 Amy Village Suite 344,Lake Karibury,31513
Steven Schneider,420,2123 Darren Springs,South Amanda,39472
Jay Phillips,421,635 Rodriguez Crossing,Swansonmouth,18486
Ashley Moore,422,21129 Brown Circles Suite 074,West Timothyberg,69448
David Reese,423,33388 Jacobson Springs Suite 208,Port Elizabeth,20676
Angela Jones,424,98018 Smith Trail,Ariasburgh,46917
Robert Avila,425,65168 Michael Fields,Villegasberg,48234
Calvin Woodard,426,62435 Blake Extension,Port Joshua,41059
Michelle Myers,427,610 Campbell Avenue Apt. 661,North Katrinafurt,87057
Sheila Moore,428,3681 Salas Island,Karenville,97644
Kenneth Cameron,429,828 Silva Centers Apt. 174,Wrightchester,22657
Jacob Mcfarland,430,184 Nancy Pine,Amandaview,63674
Joseph Berry,431,814 Bennett Radial Suite 981,Whitneyland,29902
Amanda West,432,4431 Brian Mount Apt. 149,Hicksville,10044
Carmen Kelley MD,433,014 Thomas Ramp Apt. 967,Jamesshire,55093
David Graham,434,1377 Kelly Mall,Jonesville,30939
Dylan Bradford,435,13409 Johnson Vista Apt. 526,New Robertmouth,90091
Cynthia Davis,436,2624 Wright Road Suite 370,West Dawn,89309
Aaron Garcia,437,473 Garcia Meadows Apt. 325,East Williamland,56965
Shelby Carter,438,1375 Jessica Route Suite 179,Turnerview,83242
Vanessa Lang,439,9998 Ryan Mountains Suite 275,Lake Jasminechester,26634
Rebekah Keller,440,78780 Page Vista,Richardsfurt,86689
Beverly Hudson,441,053 Shane Ports,North Jasonburgh,71565
Christopher Cordova,442,2510 Rebecca View Suite 645,Port Dennisstad,61290
Nathan Parker,443,3637 Emily Lodge,Whiteburgh,32277
William Foster,444,0399 Joseph Plains,South Amandaberg,95693
Heather Miller,445,26839 Morton Mall Apt. 899,Kristenside,06402
Pamela Miller,446,152 Angel Islands,South Brittany,92656
Kyle Rosales,447,33513 Porter Lakes Suite 264,Heatherbury,94728
Paul Ortiz,448,96220 John Overpass Apt. 614,North Sheri,06594
Jessica Duffy,449,81340 Garcia Throughway Suite 265,New Beth,65455
George Ortiz,450,7993 Jared Walk,North Michael,20073
Dominic Thomas,451,06415 John Parks,Lake Rachelhaven,98483
Jasmine Ballard,452,663 Wolfe Circles,Tylerfurt,74749
Mariah Hampton,453,07252 Travis Extension Suite 634,North Natalie,42927
Melissa Cunningham,454,110 Jeffery Alley Apt. 006,Lake Justin,32668
David Lowe,455,334 Foster Landing,Lake Tinaland,07962
Trevor Meza,456,2749 Linda Islands,Port Tashaville,17239
Christian Mcfarland,457,4896 Hill Circles,Lake Stacey,33888
Daniel Pierce,458,1504 Gardner Ports,Cruzbury,59415
Melissa Martin,459,9302 Pace Mews,East David,32921
Daniel Key,460,488 John Pines Apt. 306,North Julietown,90492
Betty Anderson,461,542 Roy Tunnel Suite 968,West Dawnshire,11830
Joseph Benson,462,048 Jennifer Grove,East Nicholasfurt,45400
Scott Rodriguez,463,72910 Jarvis Radial Suite 321,Lake Alexandra,03518
Thomas Coleman,464,008 Joshua Prairie Suite 884,West William,53272
Julia Garcia,465,8965 Nathan Corners Suite 265,Port Anaport,76492
Monica Wright,466,518 Todd Track,North Peterberg,86905
Vincent Smith,467,095 Santos Walk,Jenniferbury,14964
Nathaniel Miller,468,345 Cindy Union Suite 660,New Williamville,92761
Evan Navarro,469,60053 Grace Mills,Michelleville,55770
Nancy Cooper,470,71756 Chad Crest Apt. 548,Alvaradoport,04672
April Dunlap,471,38430 Quinn Extension Apt. 704,Bauerview,21638
Mr. Ricky Patel DVM,472,8375 Yang Lock Suite 961,Adammouth,46547
Dwayne Myers,473,3869 Holland Viaduct,Amandabury,02426
Roberto Myers,474,70108 Jeremy Prairie Suite 425,Kristenstad,69489
Rebecca Watkins,475,449 Mitchell Crossing Suite 349,North Michaelchester,86618
Rachel Ross,476,7967 Christopher Centers,Port Kenneth,68293
Shannon Brown,477,0007 Oconnor Street Suite 701,Feliciafurt,87139
Kristie Goodwin,478,267 Singh Fort Suite 896,North Candace,27960
Adriana Williams,479,714 Gray Gateway,New Michellefort,94775
Henry Benjamin,480,254 Smith Fords,West William,80522
Carla Flores,481,927 Scott Plains Suite 434,North Andrewstad,31217
Jay Thompson,482,6143 Reginald Circles,South Angelaside,42639
Lisa Shaw,483,29827 Bailey Knolls,Banksfurt,32975
Jason Wright,484,72468 Michael Pine Suite 085,Robertburgh,70043
Tracy Mccall,485,0375 Martin Crescent,New Donna,31140
James Payne,486,3782 Lee Canyon Suite 143,Hayeshaven,41576
Patrick Bailey,487,8747 Brenda Vista Apt. 936,Lake Phillip,68860
Matthew Hansen,488,114 Johnson Heights,South Dwaynechester,18218
Chad Duffy,489,502 Jones Trace Apt. 897,North Courtney,28473
Jeffrey Wong,490,6444 Gray Pine,Lake Scott,14598
Tina Hernandez,491,6833 Miller Park Suite 116,West Meganborough,47258
Laura Gutierrez,492,6523 Hudson Crossing,West Brandonland,35153
Carrie Allen,493,1797 Michael Springs Apt. 672,Roberthaven,53807
Matthew Stewart,494,00327 Powell Ridge Apt. 459,Richardsonland,30330
Charles Wright,495,5563 Reed Heights Apt. 575,Dianeborough,91607
Amanda Blackwell,496,2263 Karen Ranch Suite 666,Clarkhaven,98851
Amber Hartman,497,464 Mills Viaduct,North Jaredport,43452
Scott Welch,498,314 Connor Views Suite 141,Hudsonshire,26010
Barbara Jimenez,499,125 Rodriguez Land,Davidside,58230
Angela Martin,500,6853 Mcdonald Throughway,South Jasmine,12533
Timothy Allen,501,4102 Hendricks Crossroad Apt. 873,Caseybury,67059
Alexander Reilly,502,7930 Smith Branch Apt. 724,Lake Christopherborough,55677
Natalie Larson,503,6096 Kyle Tunnel,Davisbury,66399
Christine Dawson,504,735 Elizabeth Loop Apt. 708,East Nataliebury,58780
Jacob Pope,505,920 Jennifer Creek Suite 334,South Sheilaside,35800
Erica Mata,506,37941 Hurst Haven Suite 896,Weisshaven,13545
Wendy Rivers,507,43698 Boyer Mountains Suite 858,Cristianside,05924
David Lane,508,385 Collins Islands Suite 528,South Aaron,81650
Amanda Carpenter,509,8997 Andrews Isle Apt. 798,Swansonhaven,17422
Cindy Wilson,510,65305 Ortiz Square Suite 178,New Joshua,97618
James Vaughn,511,859 Johnson Squares Apt. 980,West Kimberly,63575
Megan Nixon,512,015 Lewis Course Suite 697,East Kevinmouth,98466
Amy Stanley,513,607 Eric Path Apt. 773,Karenfurt,77407
Caitlyn Alexander,514,1611 Tonya Lodge Apt. 131,Michellechester,80001
Nathaniel Francis,515,423 Jasmine Park Apt. 315,Russellfort,28273
Richard Yu,516,9996 Gilmore Islands,Lake Sandraport,16588
John Hutchinson,517,3755 Emily Lodge Apt. 232,Karenbury,23807
Ryan Dominguez,518,97570 Meyer Courts Apt. 971,West Jacobfort,18713
Elizabeth Durham,519,97726 James Shoals Apt. 057,Howardmouth,35537
Andrea Medina,520,57696 Robert Springs Apt. 937,East David,07997
Heather Collins,521,09497 Melissa Plaza,Snowton,27500
Kimberly Valdez,522,6775 Garrett Path Suite 927,New Edwardfort,95140
Elizabeth Turner,523,014 Amanda Terrace Apt. 654,Matthewfurt,32852
Jessica West,524,111 Sue Place Apt. 656,North Elizabethside,78697
Taylor Vaughan,525,427 Lopez Plain,West Jessica,11849
Crystal Ortiz,526,91929 Vaughan Pines Apt. 506,East Stephen,92392
Lisa Ochoa DVM,527,2595 Fischer Bypass,Williamsport,12124
William Butler,528,6087 Cody Cliff,East Nicolehaven,10281
Taylor Lucas,529,341 Baker Villages Apt. 324,Wilsonmouth,69638
Bryan Banks,530,07013 Brewer Burg Apt. 826,New Cassandra,11553
Bryan Frost,531,8600 Wanda River Suite 473,Port Eric,02554
Timothy Lewis,532,7608 Karen Village,Sherryhaven,13480
Joseph Peterson,533,7434 Gloria Camp,Lake Scottbury,77433
Christina Schaefer,534,9415 Potter Station,Lake Williamburgh,13077
Jon Reynolds,535,7005 Simpson Spurs,Port Luis,92443
Vanessa Ritter,536,4454 Sarah Creek,West Bernard,06135
Angela Gallegos,537,654 Duncan Rapid,Aaronmouth,06662
Jenna Johnson,538,1231 John Greens,New Laurahaven,57711
Ray Adkins,539,99079 Dawn Mountains,Deannaburgh,79202
Jeremiah Davis,540,514 Jason Track,West Carolyn,96159
Kristin Bauer,541,09182 Ho Mountains,Hessland,94620
Tracy Baker,542,9021 Hill Avenue,New Barbarabury,13182
Richard Romero,543,71306 Kim Estate,Alfredside,71085
Angelica Davis,544,469 Anderson Underpass Suite 165,New Andrewland,70474
Andrew Green,545,44062 Murphy Turnpike,Sanchezstad,47029
Molly Edwards,546,445 Kimberly Freeway,Vickifurt,52948
Lori Allen,547,97868 Monique Road,South Edwardborough,37219
Stephanie Garcia,548,0777 Wood Locks Suite 495,South Stacystad,10202
Holly Larson,549,9158 Melissa Cape,Williamberg,53680
Alyssa Brown,550,8299 Lambert Trail,Brendaview,25734
Vincent Stevens,551,17357 Garrison Cape,North Brianstad,25523
Craig Jones,552,028 Gabrielle Spring Apt. 288,South Rodneyview,55205
Katie Pham,553,3069 Rivera Trail,North Daltonstad,20045
Sharon Perkins,554,560 Hernandez Ridges Apt. 955,Bellchester,81560
Juan Farrell,555,82339 Holmes Prairie Apt. 635,Kevinville,89693
Catherine Green,556,122 Strickland Route Apt. 365,Lindahaven,58013
Miguel Jensen,557,84833 Gregory Knolls Apt. 205,Port Emilymouth,98813
Jamie Pearson,558,00533 Gallagher Highway Apt. 317,Stephensview,26651
Nicholas Diaz,559,3351 Simpson Overpass Apt. 137,East Cliffordborough,51465
Mark Barker,560,9990 Sean Ranch Suite 668,Williamstad,50013
Jerry Torres,561,51170 Christian Islands,Traciton,95988
Matthew Grant,562,42495 Richard Ports Apt. 396,North Thomasland,40731
Stanley Munoz,563,697 Brown Ridge Apt. 670,Harrisonburgh,99619
Zachary Rodriguez,564,079 Matthew Meadows,Irwinport,50381
Daniel Nelson,565,7815 Taylor Skyway,New Susantown,48076
Justin White,566,293 Brooks Extensions,Rodriguezburgh,19438
Monica Jones,567,05150 Burns Freeway,Amyshire,82509
David Payne,568,75468 Woods Shoal Apt. 166,East Rachelland,32184
Pamela Moore,569,93227 Obrien Keys,Lake Thomasberg,65253
Edwin Lowery,570,2865 Robinson Circles,Stevenfurt,92221
Brett Wright,571,131 Hall Oval,Lake Josephside,79731
Tina Garza,572,2417 Hall Key Suite 460,North Charleshaven,72497
Kimberly Herrera,573,636 Davidson Orchard,Lake Hunterland,63410
Jasmine Herrera,574,627 Wheeler Spur,Grossbury,53074
Eric Johnson,575,31523 Todd Heights,Lake Christina,83694
Brandon Thomas,576,7216 Christopher Estates,New Waynefurt,25682
Matthew Schultz,577,3156 Connor Cove Suite 599,South Kurt,47079
Connor Dominguez,578,068 Jennifer Shores Apt. 808,Riggsland,09805
Spencer Miles,579,896 Christopher Knoll Suite 879,Port Staceybury,95766
Kathleen Roberts,580,8664 Calhoun Station,Alanberg,56022
Andrew Daniels,581,9145 Cooper Terrace Apt. 227,East Jameshaven,51947
Craig Rice,582,70751 Amanda Keys Suite 599,South Jamesstad,35622
Ashley Davis,583,07969 Tammy Rapid,North Davidmouth,47137
Alexa Ellison,584,67852 Andrew Highway Suite 206,Tonyabury,30819
Kristina Reynolds,585,7490 Stephanie Village Suite 169,Mariamouth,41405
Jonathan Gardner,586,0314 Melissa Stream Apt. 568,Hillstad,36185
Timothy Anderson,587,063 Ryan Centers Apt. 585,Ramosstad,10240
Joseph Lutz,588,5289 Robin Stream Suite 662,Natashachester,14250
Jonathan White,589,1607 Alvarez Unions,Garciaview,43302
Joseph Beard,590,29205 Johnson Street Apt. 836,New Micheal,09648
Nicole Cabrera,591,630 Thomas Trace Suite 909,Johnsonside,45877
Mike Coleman,592,739 Mcbride Stravenue Suite 268,Brianshire,67899
Amy Stanton,593,126 Katherine Islands Suite 735,South Autumnfort,64420
Alan Tate,594,061 Sanders Locks Apt. 266,Lake Anthony,72918
Cynthia Brown,595,2191 Ramirez Fields,Lake Amy,72909
Denise Sosa,596,9514 Gonzalez Shoals Apt. 207,New Joseph,38926
Glenda Marsh,597,47181 Frank Branch,Port Sandra,81271
Erica Page,598,250 Deborah Hills,Brownmouth,04870
Ryan Trevino,599,337 Jessica Crescent,West Staceyside,01408
Renee Wilson,600,420 Joe Lock Suite 103,East Christinetown,82881
Richard Garza,601,873 Patricia Loop,South Reginaldborough,45849
Patrick Copeland,602,80942 Schwartz Forest Suite 559,Schmidtbury,53277
Brad Wright,603,418 Conley Shores,Lake Tracy,27090
Carla Benson,604,460 Brittany Branch Apt. 783,Robinsontown,68483
Lindsay Hill,605,1703 Gwendolyn View Suite 216,West Adam,97210
Patrick Edwards,606,414 Robertson Stravenue Apt. 884,Derekville,76134
Karen Crosby,607,4808 Johnston Rapids Apt. 274,Thomastown,19075
Abigail Williams,608,41585 Mark Wall Suite 715,Ericksonland,30967
Ryan Booth,609,5615 Harrington Pass,Lake Jessica,47047
Gail Hernandez,610,38838 Cabrera Path,East Justinland,21530
Tina Oconnor,611,99783 Stewart Neck,Middletonfort,74151
John Padilla,612,4207 Benjamin Mountains Apt. 192,Fritzshire,55871
Michelle Melton,613,84812 Andrews Points Suite 812,South Jessica,07335
Angel Patterson,614,028 Mckenzie Station,Vaughanburgh,12141
Nicole Smith,615,0058 Thompson Trafficway Suite 146,North Kevin,80543
David Padilla,616,833 Gonzalez Greens,Greenchester,23631
Vicki Morgan,617,70494 Conner Harbor,Jonesstad,06252
Janice Martin,618,5928 King Rapids,Lake Brittney,05550
Charles White,619,440 Hoffman Views,Jaytown,93433
Sarah Lee,620,9168 Marsh Gateway,East Kelly,39154
Richard Roberts,621,9233 Martinez Freeway,Thomasside,10653
Michael Hernandez,622,0909 Marissa Canyon,Hernandezmouth,70236
Jennifer Willis,623,760 King Circle Suite 131,New Matthew,30786
Sharon Page,624,18599 Michael Well Apt. 883,New Amyhaven,12757
Jeremy Cannon,625,6680 Andrea Camp Apt. 505,East Gregory,48020
Randall Martinez,626,79791 John Extension,Robinsonfurt,77804
Richard Park,627,3519 Stacey Highway Suite 848,Jenniferhaven,77632
Jonathan Stevenson,628,2132 Jacqueline Ford,Mitchellberg,26678
Audrey Hughes,629,27932 David Stravenue Apt. 396,Petersonhaven,13099
Michael Williams,630,3666 Benson Causeway Suite 120,Christopherland,65834
Robert Thompson,631,09424 Page Pines Apt. 930,Robertberg,69349
Bryan Chandler,632,145 Robert Knoll Suite 376,Velazquezborough,04445
Mercedes Meyers,633,39923 Charlotte Squares Suite 621,Smithside,36214
Christine Diaz,634,130 Lauren Fall,Manningside,57430
Zachary Juarez,635,982 Walters Ports,Pattonchester,81288
Andrew Martinez,636,996 Stafford Skyway,Wademouth,31408
Matthew Gray,637,45028 Rodriguez Flats Apt. 982,Aprilhaven,90593
David Hobbs,638,8072 Lopez Estates,East Lisaville,08023
Janice Johnson DVM,639,46542 Rachel Terrace,West Colleenland,63157
Melissa Martinez,640,5001 Bradley Land Apt. 971,Kristenhaven,57592
Marilyn Bradshaw,641,88321 Bell Course Apt. 558,Lake Christophershire,45304
Anna Nichols,642,3318 Myers Wall,Katherinebury,84439
Tracy Martinez,643,82642 Laura Groves Suite 468,Amandashire,53284
Nicholas Wong,644,830 Jones Bridge,Lake Melaniemouth,57714
Megan Tyler,645,3812 Elizabeth Roads Apt. 876,Lake Brian,02228
Margaret Nguyen,646,414 Gina Mission,East Donna,88747
Jeffery Jordan,647,3932 Wong Common Apt. 489,Lauriefurt,76191
Rodney Wright,648,8268 Alexis Junction Suite 653,Emilyville,78833
Ashley Vasquez,649,6300 Christopher Ports Suite 628,West Keith,13415
Jeremy Carter,650,83441 Jordan Islands,South Paul,94212
James Carpenter Jr.,651,3464 Justin Unions,Dennistown,27490
Kara Conley,652,2517 Barker Passage,Lake Dorothy,46460
Gregory Lane,653,7359 Samuel Plaza Apt. 018,Campbellborough,29857
Ann Lee,654,57223 Brandon Skyway Apt. 598,Port Cathyberg,69679
Thomas Barber,655,2607 Kristin Overpass,Lake Jaredburgh,46264
Eric Benson,656,160 Neal Cliff Suite 818,Port Isabel,69147
Katherine Simmons,657,0473 Jacobs Lodge Apt. 889,Hallland,47984
Teresa Jenkins,658,36138 Erica Falls Apt. 272,East Anna,32312
Tammy Sampson,659,70038 Michael Loop,New Geoffrey,24521
Jose Mays,660,644 Ritter Shoals,Lloydland,16993
Elizabeth Rodriguez,661,32950 Cox Oval Apt. 999,West Reginaldton,76110
Jody Byrd,662,84343 Michael Circles,Derekshire,80027
Terry Klein,663,3190 Jones Skyway Apt. 103,Josefort,63622
Kristi Jones DDS,664,55971 Candace Dam,Hernandezside,95068
Damon Pena,665,3453 Smith Manor Suite 172,Karenton,89450
Benjamin Harris,666,560 Laura Isle,East Sheila,94276
Victoria Shaffer,667,19848 Leblanc Fords Suite 755,Mccoyport,51736
Alicia Brennan,668,1561 Campbell Village,Clarkview,80989
Kathryn Lopez,669,726 Phillip Burgs Apt. 150,Port Chad,10976
Christina Doyle,670,453 Jared Streets Apt. 443,Lake James,29845
James Robinson,671,696 Barry Prairie Apt. 319,South Ashley,83411
Deanna Smith,672,592 Lee Pike,Port David,69517
Benjamin Brown,673,6165 Avery Trail Suite 608,Conwaytown,60470
Michelle Maldonado,674,29869 Briggs Underpass Apt. 329,Nicholaston,50198
Jordan Ross,675,75174 Bishop Walks Suite 748,Port Christine,07440
Jorge Clark,676,412 Medina Course,Brownbury,65387
Michael Pope,677,002 Olson Branch,New Ginaland,71979
Jonathan Powell,678,04395 Richard Overpass Apt. 423,Jessicaville,51396
Andrea Bauer,679,338 Smith Stravenue Apt. 105,Jacobville,80860
Jeffrey Dean,680,89712 Martinez Shores,New Alejandro,93096
Joshua Brown,681,04231 Kenneth Village Apt. 027,Connerchester,64107
Jacob Cortez,682,6382 Stacy Plaza Suite 098,East Jacquelinestad,13200
Rhonda Johnston,683,796 Dunn Viaduct,New Kimberly,71123
Mark Riley,684,44737 Timothy Stream,Justinchester,52643
Justin Dyer,685,6334 Chandler Island Apt. 869,West Lisa,37016
Charles Martinez,686,163 Eaton Plaza,Annfurt,37692
Jessica Perkins,687,8178 Garcia Mission,West Patrickmouth,74074
John Mckinney,688,98933 Beck Rapid,Bartonland,24565
Michelle Stephens,689,11246 Adam Villages Apt. 222,South Stevenfort,14408
Diane Graham,690,233 Austin Light Suite 314,New Jamesfort,33800
Ronald Jordan,691,835 Holmes Forge,Wintersview,43074
Deborah Cole,692,690 Carroll Forks,Watersfurt,92482
David Sharp,693,635 Deleon Curve Suite 496,Johnborough,70378
Summer Nelson,694,5719 Clark Avenue,New Daniel,21217
Matthew Lucas,695,1189 Frank Lodge,New Michelleshire,15267
Gary Flores,696,5482 Thompson Wall,Geraldtown,84733
Brittany Frazier MD,697,4182 Derek Fields,Lake Brandon,11082
Jacob Carpenter,698,88406 Sandoval River,Youngburgh,90300
Darren Gonzales,699,060 Douglas Skyway,Aarontown,38446
Jermaine Cordova,700,19453 Clayton Field Apt. 035,Lake Kelly,51889
Patricia Reynolds,701,1891 Samantha Square Suite 494,Cooperport,61025
Teresa Ball,702,9899 William Parkways Apt. 660,Moorestad,75695
Dr. Brian Cohen,703,69998 Williams Lakes Apt. 161,East Carrieville,32143
Karen Merritt,704,645 Thomas Landing Suite 971,Timothymouth,38110
Beth Jones,705,76209 Gerald Mountains Suite 812,Rhodesstad,54387
Mr. Ernest Wolf,706,7788 Jessica Spur,Woodsborough,49757
Tiffany Walsh,707,79498 Bennett Junction Apt. 678,New Rachel,71149
Christopher Young,708,330 King Springs Suite 280,Lake Joshua,05294
Brenda Mclean,709,215 Terry Lane Apt. 527,South Christophertown,99082
Stephen Mckinney,710,20793 Fisher Hills,Williamsmouth,36149
Julie Stewart MD,711,62338 Williams Loaf,East Mary,20477
Christopher Wright,712,92641 Mcbride Square Apt. 102,South Zacharyport,56074
Joshua Yu,713,2202 Powell Place Apt. 301,Colemanshire,97305
Brandy Wood,714,0743 Dave Burgs Apt. 758,West Haleyview,29969
Patricia Garcia,715,65258 Cameron Green,South Ashleyville,83153
Nathan Garcia,716,38917 Alisha Well Suite 331,North Paul,48406
Timothy Adams,717,99402 Miller Mill,New Kevinmouth,08105
David Bailey,718,27759 Cindy Field,South Tammymouth,90983
Anita Rodriguez,719,10739 Rachael Shores,Willishaven,87830
Mary Smith,720,423 Diaz Corners Suite 629,New Reneemouth,32305
Brandon Saunders,721,376 Sanchez Loop,Stanleyfurt,95050
Steven Potter,722,710 Mcguire Centers,South Alex,25919
Jennifer Bryant,723,2671 Steven Path,Lake Kellyfort,43618
Thomas Schaefer,724,226 Cooper Isle,Mcbrideview,34802
Dana Nichols,725,5348 Andrew Plains Apt. 153,Lake Janet,82047
Jessica George,726,7966 Moore Square Suite 419,Thompsonshire,70597
Matthew Mendoza,727,299 Perez Lane,Hernandezchester,81803
Tyler Wilson,728,4017 Amy Lock Suite 219,Hillhaven,95814
Brenda Michael,729,1310 Sloan Squares,New Robertside,73827
Jeffrey Patel,730,6323 Harris Station,Port Meganfort,72658
Angela Thompson,731,658 Michelle Ports,Port Deanna,20482
Randy Reeves,732,7663 Adam Avenue Suite 859,New Rebecca,47784
Crystal Kelley,733,750 Amber Street,Gregorystad,64428
Jennifer Nelson,734,5135 Madison Ville Apt. 870,New Adamland,27505
Jeffrey Jackson,735,7507 Joseph Gateway Suite 882,Palmerbury,97428
Jamie Davis,736,969 Campbell Trail,West John,97015
Christopher Hogan,737,5855 Allen Prairie Apt. 204,North Johnfurt,37212
Andrew Martin,738,16162 Carroll Manors,New Jacqueline,12472
Kurt Henderson,739,87679 Sims Mills,Anthonymouth,16289
Angel Zavala,740,410 Megan Common,Lake Christopher,48970
Phillip Jackson,741,37257 Perkins Courts Suite 486,New Johnstad,26574
Lauren Aguilar,742,6241 Hernandez Cliffs Apt. 114,Lake Joshuaport,27064
Kimberly Parrish DVM,743,43411 Romero Valley,North Barbara,04761
Matthew Smith,744,312 Foster Field Suite 579,Carneyberg,42608
James Lynch,745,47918 Margaret Path,South Connor,82151
Sheri Singh,746,745 Keith Hills Apt. 951,Adamton,88907
Shelby Smith,747,0468 Brown Knoll Suite 009,South Davidshire,64960
Michael Hayes,748,656 Raymond Spurs Apt. 309,South Christopher,35190
Timothy Solomon,749,77303 Connie Rapids,North Derrick,88694
Ronald Gomez,750,326 Danny Fork,Davidchester,52173
Michael Smith,751,8634 Davis Vista Apt. 087,Deanbury,13454
Melissa Elliott,752,7929 Amanda Burg,Draketown,20652
Diana Francis,753,180 Kevin Valleys Suite 584,Beanshire,49877
Tammy Griffin,754,373 Kelsey Street Apt. 974,Bonnieport,05932
Mark Robles,755,13171 Ashley Shoal Apt. 752,West Jeanette,79166
Paul Riley,756,6831 Jordan Knolls Suite 263,Danielleshire,38703
Thomas Jacobs,757,2019 Noble Harbor,Catherineview,46563
Corey Thompson,758,0471 Danielle Ports Suite 585,Lake Michael,59608
Ms. Paula Stout,759,7212 Meyers Harbors Suite 971,Lake Samuelville,19190
Peter Bryan,760,6808 Huber Course,West Miranda,15533
Trevor Grant,761,6367 Edwards Creek Suite 340,Courtneyport,37143
Ethan Pace,762,9970 Mitchell Freeway,Williamburgh,38484
Alexandria Fowler,763,205 Brown Road Suite 287,Roberttown,53610
John Smith,764,1353 Ashley Corner,Jessicafurt,17909
Anthony Weeks,765,168 Melinda Course Apt. 006,Hinesmouth,37181
Carl Wells,766,782 Carter Trail,Lake Williamview,96364
Marcus Watson,767,45071 Miller Islands Apt. 141,Joshuaborough,60515
David Brown,768,8400 Williams Estate Suite 291,Lake Jeremy,14454
David Gonzalez,769,04821 Valdez Valley Apt. 921,Lake Darren,62852
Sarah Barrera,770,45170 Hayes Overpass Apt. 591,Port Melanieberg,88896
Laura Mendoza,771,70008 Rogers Shoals,Lauramouth,04576
Kenneth Brooks,772,8869 Ronnie Roads Apt. 906,Mitchellfurt,29653
Kristina Campbell,773,547 Brady Road Apt. 086,West Cynthia,73834
Joshua Becker,774,337 Timothy Harbor,North Bettyberg,78567
Amber Salinas,775,5796 Bryant Ranch,East Robert,83198
Brooke Wolfe MD,776,452 Karen Gateway,West Todd,25184
Richard Harrington,777,58079 Ronald Square,Port William,79504
Craig Mccormick,778,25505 Arnold Vista Suite 879,Jamiebury,86042
Suzanne Carroll,779,79550 Chapman Falls Apt. 494,Gallowayburgh,30256
Michelle King,780,892 Andrews Street,East Robert,99120
Kimberly Nelson,781,1601 Ryan Fields,Kennedyville,25663
Jennifer Weiss,782,60113 Jennifer Fords,Port Thomaschester,25641
Jeffery Lawrence,783,07301 Gordon Row,Reynoldsland,59945
Jesse Alvarado,784,3222 Khan Camp Suite 501,Garciaberg,15089
Shannon Alvarez,785,79850 Martin Keys Suite 076,Bensonton,30163
Cathy Carr,786,4047 Mia Freeway Suite 754,Moonmouth,01442
Elizabeth Boyd,787,22173 Mark Union,Martinezmouth,39797
Jorge Campbell,788,6571 Villa Common,North Scott,72443
Daniel Mcguire,789,87117 Joshua Forest,Lake Ashleyborough,76400
Yolanda Johnson,790,2339 Cooper Ways Suite 079,North Joefort,07674
Andrea Munoz,791,050 Jessica Lodge Apt. 370,Mathisstad,89732
Luis Romero,792,24268 Christina Roads Apt. 671,Haneymouth,00686
William Anderson,793,983 Morris Light Apt. 927,Suzannemouth,72447
John Tyler,794,171 Paula Flats,Terrancestad,09919
Donald Collins,795,157 Rojas Cove Apt. 733,South Jessica,29337
Joseph Ramirez,796,065 Pearson Plain,Patelland,67122
Ruben Young,797,94590 Cobb Squares Apt. 753,Fitzpatricktown,38470
Michael Moore,798,123 Hayes Haven Apt. 020,Matthewfort,66966
Cindy Perez,799,75150 Nicole Cape Suite 015,Port Natalie,04232
Renee Hardy,800,7224 William Summit Apt. 053,Brownstad,47822
Andrew Bush,801,292 Anthony Turnpike,Lake Timburgh,06623
Richard Figueroa,802,4429 Timothy Meadow Suite 048,Davidfurt,76759
Courtney Wilcox,803,2017 Bobby Unions,Jonesshire,44773
Jessica Richardson,804,734 Nguyen Square Suite 370,East Robert,77147
Gregory Williams,805,367 Ellis Ridges,South Dylan,61433
Allison Rowe,806,49593 Tiffany Ramp Apt. 256,Morganfort,11332
Malik Roberts,807,29809 Zhang Manor Suite 951,Robertborough,24877
Susan Gonzalez,808,90305 Jones Road,West Joseph,95559
Susan Meadows,809,367 Vanessa Oval Apt. 125,Jacksonhaven,11912
Stephanie Allen,810,49844 Shah Mills Apt. 189,Port Steven,45088
Marissa Lewis,811,9533 Santos Pine,Batesstad,33575
Gregory Allen,812,532 Keith Burgs,North Davidbury,90229
Amanda Alexander,813,04446 Tammy Summit,Leblanchaven,85726
Matthew Vargas,814,403 Julia Lock,Williamstown,63085
Alan Thomas,815,8580 John Springs,Johnborough,26647
Patricia Meyers,816,4665 Michael Union,Sharonfort,36684
Angela Gray,817,6602 Ivan Turnpike,New Donna,13441
Mitchell Henry,818,7989 Amanda Villages Apt. 272,South Jessica,30440
Robert Butler,819,90237 Rojas Loaf Apt. 579,Lake Bryanport,51070
Amanda Williams,820,957 Frederick Trafficway Apt. 271,Thomashaven,03498
Patrick Flores,821,475 Combs Squares,South Sabrinaville,94436
Kaitlyn Meyers,822,105 Theresa Manors,Nicholsview,29705
Ryan Bowers,823,463 Frost Stravenue Suite 661,East Whitneyside,53891
Lisa Nelson,824,056 Thornton Lakes,New Martinstad,94883
Thomas King,825,057 Jones Square,East Thomasview,24226
Krystal Farrell,826,3812 Davies Prairie Suite 140,West David,42332
Taylor Smith,827,73773 Drake Villages,Ryanport,05307
Curtis Weber,828,7275 Johnson Orchard Suite 768,West Debramouth,39715
Allison Craig,829,3865 Paul Springs Suite 376,East Mindytown,44672
Amanda Peterson,830,324 Ana Harbor,West Kimberly,54994
Susan Hicks MD,831,699 Debra Squares,Garciamouth,35573
Roberto Mann,832,49612 Ryan Points,West Aaronmouth,87784
Rodney Mccall,833,18550 Taylor Valley Suite 827,Burgessshire,68908
John Jacobs,834,345 Edward Shoal,East Diana,97325
Stephen Bennett,835,8247 Smith Summit Apt. 962,Lake Mariachester,05952
Rachel Klein,836,01416 Allen Rapid,Reidton,80780
Sharon Fischer,837,870 Donovan Locks Apt. 462,South Haleyville,99464
Steven Aguirre,838,558 Middleton Lodge Suite 610,North Jamie,50214
Deanna Day,839,04793 Leslie Brooks Apt. 819,Baileymouth,10566
Becky Whitaker,840,076 Owens Forge Apt. 377,Whitechester,99349
Brittany Valencia,841,6367 Tina Divide Apt. 016,Patriciastad,29873
Tina Wilson,842,34623 Gwendolyn Landing Suite 297,Henryburgh,80975
Christopher Brock,843,192 Benjamin Crest Apt. 268,Port Kimberlymouth,06027
Tammy George,844,913 Rachel Street,Dennishaven,03794
Benjamin Spencer,845,5890 Haley Island,Charlesmouth,79177
Monica Gutierrez,846,595 Miranda Springs Suite 648,Millsmouth,80837
Charles Brown,847,8827 Amanda Plaza Suite 027,Port Timothyfurt,25442
Christopher Rogers,848,8357 Susan Inlet Apt. 952,East Josebury,73727
Brittany Martinez,849,654 Catherine Trace Apt. 632,Wrightmouth,21876
Brianna Lewis,850,8741 Roberta Canyon,Bryantview,63878
Carlos Payne,851,686 Palmer Roads Apt. 605,East Tonya,40073
Lindsey Montoya,852,1812 Lopez Square,East Jefferychester,14586
Karen Shelton,853,40405 Andrade Way Suite 796,Lake Kevinfort,02023
Travis Myers,854,006 Lucas Plain Apt. 686,New Kari,30021
Miguel Bright,855,6003 Adriana Inlet,Kimberlyshire,42679
Deanna Cordova,856,54506 Melissa Stream Suite 751,Paulbury,66080
Terry Taylor,857,45033 Morgan Burg Suite 704,Robertston,73637
Arthur Kent,858,67749 Fitzpatrick Camp Apt. 911,New Kristen,55024
Kevin Patterson,859,01282 Tammy Passage,New Samantha,26342
Bryan Taylor,860,32833 Jenkins Stravenue,Lake Michaelmouth,69967
Mary Walton,861,481 Jeremy Loop Apt. 717,Lake Steventon,49869
Benjamin Bright,862,7734 Vang Path,Morrisview,55651
Sandra Ellis,863,169 Laurie Island Apt. 594,Moyerhaven,61089
John Wright,864,14498 Knight Burg Apt. 739,Lake Susanborough,43968
Jessica Griffith,865,1146 Karen Vista Suite 864,Dianafurt,86947
Michael Miller,866,069 William Overpass,Laurieshire,37670
Karen Nguyen,867,81570 Nichols Extension,New Tyler,32435
Gary Porter,868,1137 Sherry Flat Apt. 789,Kellyton,83957
Matthew Hunt,869,427 Anthony Forest Apt. 681,South Christopher,14815
Rachel Taylor,870,597 Terri Stream,Amandafurt,68445
Amanda Olsen,871,4265 Moore Course Apt. 247,Changside,86833
Douglas Baker,872,195 David Crescent,Michealhaven,99065
Meredith Patel,873,24049 Ramirez Ville Apt. 825,Michelleview,10644
Pamela Small MD,874,2421 Suzanne Fork,Port Jesse,29063
Jessica Kennedy,875,16687 Smith Junctions Suite 734,Markborough,36353
Michelle Taylor,876,7431 Derrick Lock Apt. 336,South Tyler,39877
Elizabeth Shah,877,5799 Amanda Points Apt. 433,Madisontown,29284
Glenn Johns,878,918 Cox Route,South Dustin,74220
Chad Macias,879,909 Keith Field Suite 454,North Mark,52413
Melvin Molina,880,073 John Port Suite 728,West Michael,37213
Jennifer Barnett,881,8616 Luis Villages Suite 644,Robinsonville,63407
Joseph Jordan,882,72901 Charles Ferry,Ashleyburgh,42340
Nancy Jackson,883,38579 Kevin Vista,New Carolyn,03784
Jasmine Davenport,884,70977 Clark Wells,Lake Jeremy,09833
Rachel Farmer,885,340 Sarah Circle Apt. 388,East Michaeltown,25274
Samuel Palmer,886,54559 Nathan Stravenue,Curtischester,32165
Jeremy Holmes,887,0366 Corey Center Suite 308,Aaronfort,07962
James Jones,888,4783 Miller Walk,Port Angelatown,50831
Jacob Green,889,369 Cox Tunnel,West Stacychester,31018
Michael Patton,890,54199 Amanda Forest Suite 883,Allisonview,16060
Keith Jones,891,529 Chad Divide,Larsonfurt,44660
Jeffrey Gray,892,8244 Shaun Place,Brianhaven,26946
Michelle Allison,893,624 Bailey Island,Jacksonberg,42404
Blake Harrington,894,2841 Rice Highway,Monicachester,62999
Jessica Choi,895,8087 Angela Lane Suite 694,Ebonyberg,45551
Renee Shaw,896,3858 George Way,West Kevinfurt,88326
Judy Bennett,897,11690 Nelson Burg,Andrewborough,93762
Dawn Gonzalez,898,029 Olsen Parkway Suite 948,Robertsborough,24493
Bradley Kent,899,8878 Miller Shores Suite 007,Donaldsonbury,65956
Janet Brown,900,7145 Anthony Mill Apt. 951,North Douglas,21115
Mike Bishop,901,27505 Charles Extensions,Greenton,17228
Nicole Johnson,902,66223 Smith Freeway,Lake Kellyland,42570
Charles Flowers,903,918 Robinson Rue,Owensbury,73282
Debbie Wilson,904,127 Steven Fields Suite 807,Connorview,65622
Carol Woods,905,84690 Garrett Roads Apt. 109,North Gloriafort,97430
Robert Dean,906,121 Diana Lodge Apt. 730,South Nicholasbury,29931
Ashley Wade,907,946 Tiffany Stravenue Suite 007,East Sherryside,22436
Heather Hughes,908,457 Williams Land Apt. 107,Jacksontown,60301
Maria Singh,909,383 Allen Inlet,Millsland,20414
Mrs. Susan Howell,910,501 Craig Union Suite 149,West Ashley,74260
Jacob Short,911,449 Thompson Shoals Apt. 577,Port Daniel,88629
Jonathan Griffith,912,69874 Ruiz Mall,Dalestad,68161
April Miller,913,143 Lester Trail,South Corychester,42683
Rickey Donovan,914,32796 Patricia River Suite 500,Reidburgh,66818
Joshua Foster,915,2672 David Road Suite 547,Brandonstad,47233
Cynthia Quinn,916,09825 Garcia Flat,West Mariabury,29366
Robert Armstrong,917,162 Turner Light Suite 883,West Susanville,75994
Jimmy Jenkins,918,360 Edwards Lights,North Jeffrey,55022
Brian Garcia,919,616 Brian Ports Suite 053,Davidburgh,73517
Nicole Martin,920,0341 Martin Villages Apt. 717,East Alyssa,38780
Michael Ortiz,921,53716 Lewis Ports Suite 293,Joditown,31417
Kimberly Brewer,922,974 Danny Gardens,East Kathy,44723
Alexandria Schmitt,923,7639 Hughes Court,Lake Amandaton,49601
Kimberly Allen,924,48185 Grimes Street Suite 749,Boydmouth,16503
Stephanie Simmons,925,23576 Trevor Corners,Port Margaretside,54578
Sara Porter,926,4505 Hannah Causeway Suite 789,New Cindy,27635
Stephanie Brown,927,2195 Jennifer Rue Apt. 410,Christinaton,74140
Devin Mcconnell,928,212 Marisa Spring Apt. 126,Singletonton,13950
Mitchell Lynch,929,460 Justin Square Apt. 199,Saraville,05200
Robert Robbins,930,2622 Virginia Burg Suite 316,Tracyside,04628
Scott Sullivan,931,321 Jacqueline Prairie Suite 913,Jordanhaven,84102
Jason Perkins,932,07845 Taylor Harbors,Anthonyhaven,63077
Anthony Lee,933,2399 Kara Land Apt. 477,South Albert,87323
Bryan Taylor,934,11157 Matthew Ports Suite 695,Andrealand,23731
Heather Moreno,935,4066 Williams Ways,Timothyhaven,12432
Matthew Martinez,936,89803 George Coves,Anthonymouth,29379
Hailey Jenkins,937,97449 Dickerson Motorway,Lake Nancy,96826
Miranda Marquez,938,609 Walker Estate,Robertstad,81670
Sarah Anderson,939,39178 Carol Ford Suite 236,Brandyville,43132
Andrea Walters,940,740 Micheal Cliffs Apt. 920,Port Kristenborough,59824
Vickie Gonzalez,941,52126 Nancy Route,New Susan,03271
Mariah Ross,942,60469 Castillo Road,Lake Debrastad,81165
Darin Smith,943,406 Martin Crossing Suite 590,East Angela,88940
Stephanie James,944,45670 Fisher Springs Apt. 241,Robertville,52406
Joshua Turner,945,0958 Sanders Pine,Nicholastown,99481
Aaron Ruiz,946,03504 Jeff Haven,Johnsonshire,48713
Sherri Case,947,442 Johnson Mall,South Rodneymouth,04771
Rachel Jones,948,382 Kelly Street Apt. 396,North Brentfurt,22092
Kayla Crawford,949,67801 West Lodge Apt. 666,Port Robert,28472
Megan Hawkins,950,09427 Smith Village Suite 453,East Ashley,47098
Joseph Walker,951,00460 Campbell Villages,Nathanielfort,35466
Maria Johnston,952,61835 Greer Pine,New Diana,40844
Mr. Jeffery Foster PhD,953,11422 Rivers Villages Suite 613,Michaelmouth,34980
Stephen Acevedo,954,9112 Amanda Lakes,Langfort,63516
Christopher James,955,28769 Gregory Meadow,Kevintown,50853
James Pierce,956,785 Christine Springs,Port Amy,31212
Sherry Anderson,957,6945 Martin Corner Apt. 418,Port Heatherton,66484
Perry Larson,958,7263 Marquez Corner,West Ana,29458
Andrea Wright,959,8812 William Cove,Gibsonmouth,34810
Melissa Nicholson,960,04299 Alexander Harbors Suite 103,Emilyton,16558
Kristy Walker,961,817 Maria Lights,North Kristin,15360
Austin Brown,962,8648 George Isle,Laurafort,65930
Sharon Phillips,963,73434 Christina Ways Suite 989,Crawfordberg,70585
Jeff Garcia,964,5939 Jonathan Road,Evanside,78094
Caitlyn Reynolds,965,5017 Moreno Rest Apt. 178,Port Amy,39757
Olivia Kennedy,966,0598 Deborah Views Apt. 440,Rachelstad,08210
Michele Villanueva,967,10959 Jill Hollow,West Russelltown,86272
Tina Richardson,968,82748 Anderson Via Suite 699,Victoriaville,24726
David Hanson,969,6065 Karen Terrace Suite 091,Gregoryview,26493
Daniel Mosley,970,581 Christopher Radial,New Grace,19619
Linda Matthews,971,691 Cameron Orchard,Masseyborough,92689
Kathy Meyer,972,52931 Emma Freeway Apt. 480,Kennethside,63595
Mr. Troy Aguilar,973,35707 Webb Plains Suite 642,Carriefurt,63048
David Price,974,509 Velasquez Points Suite 426,New Donna,53734
Christopher Alvarez,975,4474 Wendy Forges Apt. 203,Pattersonland,16329
Melissa Brock,976,0854 Clark Wall Suite 563,Vaughnfort,57113
Ashley Barnes,977,75873 Kathryn Fall,Port Alexandraland,30471
Brent Duffy,978,43281 Selena Point,Jenniferstad,69505
Christopher Suarez,979,3957 Amber Flat Suite 019,East Tiffanyview,34840
Robert Luna,980,947 Harrington Mountain,West Jamesburgh,39391
Derek Stevens,981,55268 Buck Lakes,North Gregorytown,87531
Annette Rowland,982,175 Rose Viaduct,West Manuelborough,49805
Dale Gonzales,983,9788 Travis Extensions Apt. 717,Amberton,13280
James Tucker,984,5203 Hicks Village Apt. 595,Thomaston,34871
Heidi Riley,985,154 Snyder Turnpike,Gonzalezfurt,44325
Laurie Turner,986,9257 Jeffrey Square,South Derekbury,41995
Michael Ware,987,2060 Theresa Skyway,Marcustown,77939
Rachel Carson,988,3409 Johnson Valleys Suite 869,New Leslieport,13379
Laura Reyes,989,8912 Cody Vista Apt. 564,Kelseyton,48679
Samantha Hawkins,990,0111 Elizabeth Point,South Benjamin,28983
Stacey Valdez,991,2720 Daniel Ferry Suite 438,Brownborough,75851
Jason Liu,992,121 Michael Burg Apt. 471,Port Chelsea,67569
Justin Joseph,993,11760 Charles Lodge Apt. 783,Everettborough,54708
Zachary Fitzgerald,994,671 Bridges Shore Apt. 760,West Josephfort,12531
Kim Velazquez,995,811 Grant Parkways,Desireehaven,21044
Penny Edwards,996,92156 Ford Lights Suite 993,Stevenland,42114
Jessica Jones,997,32162 Marshall Prairie,Lake Katiehaven,92373
Brenda Miller,998,07538 Stewart Spurs,West Allenville,36643
Angela Bennett,999,72024 Matthew Forges Apt. 452,South Elizabeth,28361
Erin Barrett,1000,44407 Caldwell Union,Leahstad,99450
Erica Thomas,1001,7776 Simpson Islands,East Jerry,95626
