Eric Jones,2,0233 Sheryl Inlet,East Jamesshire,02063
Cynthia Knox,3,19952 Madden Glen,North Tracy,57436
Shannon Jones,4,2146 Timothy Falls Suite 525,North Elaineborough,89631
Nicole Mason,5,386 Robles Crossroad,New Erik,01381
Angela Cooke,6,17211 Hall Course,Port Edwardberg,25319
Jennifer Perkins,7,1215 James Estates Suite 023,Port Michelemouth,77659
Kristin Bowers,8,912 Joel Mountains,Nicholasport,56929
Tony Johnson,9,75177 Nguyen Inlet Apt. 813,Rileyhaven,79756
Kathryn Anderson,10,16689 Kevin Square Apt. 155,Port Lisaview,83505
Brandon Gomez,11,760 Brandon Lodge,Jamesfort,07167
Megan Diaz,12,904 Perry Lake Apt. 110,Port Lisamouth,02794
Christine Lang,13,5280 Weber Trail Apt. 838,Port Lindsey,14536
Shirley Morales,14,1858 Choi Pines Suite 179,Crawfordhaven,40827
James Bowman,15,022 Julie Pines,Cooperfurt,60358
Julian Russell,16,777 Martinez Island,North Davidland,04599
Megan Berger,17,090 Jay Mews Apt. 373,East Haileyberg,99251
Jordan Mcfarland,18,2644 Jackson Turnpike Suite 392,Grimesfort,45351
Sharon Schultz,19,7061 Reyes Unions Apt. 758,East Melindaville,57299
Sandra Mcdaniel,20,1601 Mark Field,Port Patrickmouth,81728
Jacqueline Bonilla,21,06527 Taylor Villages,South Jordan,65483
Samantha Smith,22,7203 Jackson Flat Apt. 667,Lake Evanfurt,44084
Kelli Hall,23,538 Bruce Way Apt. 520,Seanside,68553
Theresa Martin,24,9006 Daniel Crescent Apt. 375,Port Jenniferberg,14946
Mandy Ball,25,6568 Travis Camp Suite 182,Anthonychester,52412
Brandon Bryant,26,0127 Gregory Via Suite 004,Jonathantown,95986
Derrick Taylor,27,60748 Zachary Alley Apt. 950,New Johnshire,99056
Cody Ortega,28,23063 Jessica Fort Apt. 840,Port Lisa,30255
Mia Munoz,29,3672 Hunt Trail,North Kevinhaven,44445
Adam Miller,30,071 Weaver Trace,Glennville,66884
Jeremy Ross,31,68673 Richards Ville Apt. 471,West Jasonfurt,21704
Andrew Richards,32,3091 Sheri Station,New Aaronfurt,08226
Tiffany Crawford,33,35770 Faulkner Cliff Suite 639,New Grace,76081
Timothy Edwards,34,63101 Phillips Common,Horneside,61781
Nicholas Lewis,35,078 Cordova Passage Apt. 708,Lake Tina,79079
Dennis Serrano,36,2674 Holly Underpass,Parkstad,22219
Mary Travis,37,0339 William Grove Suite 197,Brianmouth,68479
Tammy Hobbs,38,89460 Michelle Flats,Andrewsport,75295
Richard Wilson,39,4241 Michael Spur Suite 730,Hugheschester,17308
Whitney Everett,40,157 Jasmine Alley Suite 600,New Bruceborough,64116
Joseph Huynh,41,167 Samantha Spring,Andersonhaven,69329
Elaine Powell,42,528 Williams Union Suite 896,West Kayla,38663
Jamie Glover,43,4983 Brandy Turnpike,Carolchester,45182
Stephanie Weaver,44,44092 Jenna Trail Apt. 157,Jenkinsmouth,02727
Jason Smith,45,542 Amber Drive,East John,11056
Kayla Baxter,46,729 Hicks Villages Suite 211,Boydchester,84548
Lindsay Mills,47,3480 Suzanne Extensions Suite 364,New Jasmine,78161
Connie Hernandez,48,20925 Marc Loaf Suite 417,Port Veronica,35646
Samantha Manning,49,2447 Barbara Stravenue,Collinsfurt,85779
Laurie Dunn,50,54136 Joshua Bridge,East Katherine,28758
Adam Lopez,51,8017 Wagner Ways,East Jenna,87649
Sharon Rice,52,83977 Williams Ranch,North Thomasstad,03117
Nicole Hunt,53,15067 Darren Road Suite 789,Lake Antonio,82960
Krista Dunlap,54,72309 Weiss Wall,Stewartfurt,23042
Rachael Gardner,55,1030 Perez Trail,North David,38976
Angela May,56,12463 Heather Village,Lake Nicholas,90784
Brian Floyd,57,522 Paula Trail Suite 241,Ramseystad,68009
David Watson,58,346 Ramirez Crossing,Wilkinsfort,19932
Katrina Mckay,59,98431 Hale Streets,Alexandraport,90447
Edward Lopez,60,908 Laura Islands Suite 338,Christopherberg,03952
Christopher Alexander,61,4746 Mendez Lake,Kevinshire,85444
Debra Perry,62,0813 Ryan Tunnel,South Jessicaview,21745
Crystal Moyer,63,466 Susan Oval,Jasonchester,45845
Nichole Cook,64,30708 Kim Points Apt. 502,Patrickborough,95934
Paul Flores,65,9399 Christine Corner Apt. 454,Scottborough,87283
Timothy Ayala,66,00771 Gray Heights,South Heidifort,79424
Angel Anderson,67,5951 Dorothy Mountain,Rossstad,32410
John King,68,39132 Lynn Harbors,Lake William,62556
Gregory Foley,69,5837 Dodson Mountains Suite 738,East Nicholasport,02299
Kyle Riddle,70,97559 Valentine Hills Apt. 859,East Henryborough,74213
Jessica Koch,71,18939 Adkins Parkways,East Gregory,53606
David Mitchell,72,287 Christopher Station Suite 570,East Scottland,09544
Dana Baker,73,450 Angela Overpass Apt. 836,South Samuelborough,28374
Charles Potts,74,602 Reginald Locks,North Catherine,57198
Maria Bowers,75,483 Whitney Forge Suite 903,Michaelfort,50950
Molly Young,76,969 Sharp Landing,Aaronberg,91927
Natasha Ramirez,77,06526 Rodriguez Plain,East Ricardo,21951
Amanda Gray,78,8969 Matthew Stravenue Apt. 352,North Russell,32711
Jennifer Davis,79,480 Jeremy Views Suite 400,Courtneyshire,55129
George Parker,80,34130 Christina Flats Apt. 341,Tammyville,11368
Audrey Garcia,81,599 George Brook,Thomasburgh,41741
Laura Garcia,82,0621 Hunter Lights Apt. 835,Pamelabury,97858
Patrick Foley,83,439 Clark Avenue,South Isabellaview,65246
James Russell,84,2282 Craig Pine Apt. 737,Kathrynland,63531
Holly Barnes,85,67245 Eric Extension Suite 069,Kingberg,01173
Karen Gomez,86,1565 Richards Lane Suite 976,Torresside,96633
James Miller,87,02777 Jeremy Forge Apt. 053,Branditown,28810
Kathryn Maxwell,88,992 Evans Burg,Jessicaview,12862
Latasha Gutierrez MD,89,2328 Roberson Mall,North Melaniebury,01875
Linda Rodriguez,90,49496 Brown Tunnel,Mariofort,14926
Kathleen Ramsey,91,8064 Ruth Loop Suite 710,Port Hannah,54597
Maria Garcia,92,19985 Kendra Branch Apt. 691,South Ralphmouth,73562
Michelle Mitchell,93,6531 Danny Drives,Christophermouth,15195
Zachary Cole,94,49540 Dale Courts Apt. 753,Friedmanside,23078
Christina Hawkins,95,89737 Meredith Isle,South Josephhaven,61435
Sara Johnson,96,21571 Gonzalez Skyway Apt. 191,Sheltonburgh,26083
Michael Dalton,97,3977 Miller Center Apt. 302,Port Laura,32636
Christina Wade,98,97946 Mark Springs Apt. 760,Lake Saramouth,61775
Denise Brown,99,924 Christina Drive,West Anita,98723
Cody Caldwell,100,1653 Jonathan Path Apt. 958,Lake Jessica,07800
Danielle Torres,101,51005 Charles Ranch Apt. 508,Townsendshire,40297
Kevin Gonzalez,102,362 Lopez Extension Apt. 725,West Melissamouth,96130
Kaitlyn Mercer,103,17283 Bianca Extension Suite 904,West Daniel,84520
Marcus Zimmerman,104,81842 Ashley Valleys Suite 565,Brownville,81346
James Thompson,105,84524 Christine Trafficway Suite 991,Hendersonbury,81415
David Blair,106,8938 Jacob Motorway,Lake Joshuastad,01380
Stephanie Delgado,107,4073 Martin Pine Apt. 386,Lopezside,76035
Brianna Hamilton,108,4297 Mendoza Cliff Apt. 896,Debbieberg,63285
Lori Walker,109,156 Smith Junctions,West Andrewmouth,82975
John Diaz,110,519 Jasmine Fork,Jamesburgh,91091
Pamela Rivera,111,129 Janet Curve Apt. 354,Snowstad,61196
Stacey Morton,112,51659 Jessica Rapid,New Natalietown,25031
Daniel Willis,113,01233 Grant Circles Apt. 013,New Heather,67547
Angela Mccoy,114,15605 Zachary Inlet,Ruizfort,61505
Jody Neal,115,0699 Gregory Cliffs,South Amanda,54262
Ryan Morris,116,0322 Mack Knoll Apt. 280,East Manuel,21709
James Kennedy,117,89027 Edwards Expressway Suite 544,Sotobury,94804
Margaret Scott,118,22899 Darren Freeway,Dodsonmouth,81563
Cathy Williams,119,88859 Harris Freeway Suite 792,Brownport,10831
Tina Anderson,120,0917 Jasmine Camp,Christopherville,67470
Anna James,121,37972 Bonnie Green Apt. 029,Lake Rebeccamouth,85486
Mary Johnson,122,62921 Rachel Glens,Samanthafort,56179
Julia Harris,123,4603 Brooke Divide Suite 738,Jessicaville,51314
Jennifer Mitchell DVM,124,4295 Hill Landing Suite 141,Lake Jenna,16286
Barbara Richardson,125,7491 Tommy Mills,South Destinyfort,29569
Jimmy Duffy,126,455 Patricia Port Suite 341,Port Jessicabury,45831
Patricia Porter,127,0495 Wells Burg,Lake Diane,44274
Richard Zavala,128,930 Elizabeth Place,Williamsland,19066
Nicholas Hale,129,3571 Smith Plain,Kennedyberg,19048
Kelly Thompson,130,7438 Kelly Hill Apt. 545,Garciaville,90192
Dorothy Costa,131,4156 William Gateway,Lake Marisa,65190
Brenda Rich,132,31127 James Loop,East John,38007
Chad Mack,133,8975 Clark Knoll Suite 044,New Daniel,79691
Aaron Bell,134,29377 Michelle Turnpike Suite 995,Philliptown,42145
Jonathan Brooks,135,51893 Johnson Shoal,Allisonfort,13400
Joel Johnson,136,4712 Thomas Mills,Phillipsland,74165
Lisa Castro,137,04439 Oliver Prairie,North Carolyn,94784
Devin Ryan,138,9305 Dunlap Isle Suite 533,Lake Annstad,65259
Hannah Mathews,139,043 Richard Ramp,Schmittfort,28223
Justin Ortiz,140,5265 Joshua Club,North Jimmyborough,33780
Natasha Gilbert,141,616 Jamie View Apt. 605,Simonside,61042
Theresa Green,142,6855 Johnny Ports Suite 104,South Cynthia,23624
Kelly Joseph,143,6894 Huber Crescent Suite 247,Leahchester,67161
Michelle Lamb,144,844 Gomez Corners Apt. 540,Mitchellhaven,31915
Alex Fox,145,21973 Contreras Garden Apt. 404,Johnfort,70658
Terry Howard,146,9165 Curtis Gateway,Williamsfort,94861
Steven Mitchell,147,94531 Smith Inlet,Jasonshire,61017
Andrew Sanchez,148,751 Natasha Forges,West Marie,06674
Andrea Ortiz,149,07654 Hernandez Mountains Suite 077,North Melissa,74234
Heather Roberts,150,1208 Rios Walk Suite 012,Mccartychester,58240
Lori Wright,151,516 William Isle Apt. 449,Allenfort,38415
Alan Rowe,152,797 Hartman Crest Suite 857,North Donald,02686
Jacob Martinez,153,6120 Jeffery Loaf Suite 072,New Danielleview,67996
Jeff Daniels,154,52885 Tyrone Plaza Apt. 144,Atkinsbury,76896
Dan Ryan,155,820 Phillip Plains,North Sarah,88733
Norma Kelly,156,946 Thompson Place Suite 852,Hartmanton,51532
Charles Young,157,19147 Nunez Islands,Gregorytown,86423
Jillian Chapman,158,93489 Dawn Village,Soliston,27894
Carolyn Gordon,159,78552 Carl Isle Apt. 495,Cooperton,87116
Arthur Bell,160,207 Stephen Views Suite 812,Trevinomouth,83368
Lisa Smith,161,3520 Timothy Ridge,Port Adrian,46864
Dawn Larson,162,85151 Cooper Pike,Lake Jamesmouth,41130
Linda Mcbride,163,44091 Brooke Streets,Lewismouth,51686
Hannah Young,164,4267 Walker Stream,Ortegaview,17695
Steven Hamilton,165,8817 Patrick Plain Apt. 709,Sparksland,23475
Katherine Camacho,166,8994 Samuel Neck Suite 250,Coxstad,37876
Erica Lewis,167,747 Brandon Camp Apt. 054,Emmaborough,30138
Dr. Nicole Hayes,168,9016 Devon Terrace Apt. 676,New Williamtown,02496
Stephen Williams,169,44032 Fields Locks,Port Melindaberg,87139
Kimberly Gould,170,361 Jessica Tunnel,West Tammiemouth,98067
Nathan Morton,171,085 Burns Mission,New Bethany,09657
Jane Gonzalez,172,0632 Hunter Turnpike Apt. 779,North Charles,71486
Ann Anderson,173,81718 Laura Motorway Suite 989,Christopherview,35508
Brittany Sparks,174,6293 William Ville Apt. 433,Lisachester,64031
Chris Berry,175,47833 Finley Mission Suite 387,New Jeremy,86297
Joseph Carney,176,00217 Erika Row Apt. 708,East Sherrymouth,53556
Makayla Nelson,177,99483 Anna Prairie Apt. 066,Lake Christy,16516
John Gutierrez,178,066 Peterson Extension Apt. 183,New Danielmouth,45571
Regina Walters,179,8878 Brown Path,Cookestad,37779
George Bennett,180,9054 Joshua Station Apt. 425,Lake Brianfort,94499
Adam Davis,181,29757 Peters Rest Apt. 446,Harthaven,23627
Stephen Gomez,182,182 Garrett Hill Apt. 090,Lake Jacobhaven,51362
Brian Richardson,183,274 David Passage Suite 984,West Ashleyland,67796
Briana Solis,184,1665 Mary Corner,Lawrenceton,46712
Brian Palmer,185,9847 Bradley Hollow Apt. 187,Johnsonhaven,57747
Dennis Travis,186,7971 Brittany Summit Suite 758,Roberttown,15568
Joshua Harris,187,403 Barker Turnpike Apt. 611,Lynnberg,80405
Lisa Jackson,188,49427 Michele Junction Apt. 618,Millerton,25431
Heather Strickland,189,4681 Lori Forges Suite 369,Lake Annafurt,69003
Chelsea Reed,190,26758 Diana Flats,Kingmouth,89467
Joshua Cannon,191,93459 Tracy Ports Apt. 343,Earlbury,04262
Barbara Roberts,192,1833 Kimberly Squares,North Angel,22140
Candice Lucero,193,7768 Jason Shoal,Millermouth,44762
Thomas George,194,25966 Matthew Gateway,East Larry,47714
Erica Johnson,195,95498 Rebecca Glen,Washingtonfort,34553
Mark Martinez,196,6261 Stacey Streets Suite 101,Nathanielfort,56641
Joseph Roberts,197,001 Austin Prairie Apt. 615,Adamtown,68410
Melissa Cruz,198,48688 Garcia Expressway Suite 525,West Jonathanfort,12383
Samantha Jenkins DDS,199,3330 Rebekah Burg Apt. 114,Lake Patrick,81824
Matthew Herman,200,824 Taylor Track Apt. 740,New Jodymouth,14124
Patrick Marks,201,00838 Daniel Way Apt. 476,Chadmouth,50180
James Ryan,202,87849 James Turnpike Suite 898,Reedborough,37573
Teresa Smith,203,70989 Melissa Branch Suite 575,New Ricky,56618
Nicole Jarvis,204,207 Harvey Mill,West Miguel,62011
Sara Garcia,205,427 Scott Circle,New Jacobborough,49446
Evelyn Zhang,206,318 Michelle Valleys Suite 799,West Saraport,60493
Vickie Davis MD,207,827 Allison Shore Suite 539,South Deborahmouth,43719
Paul Pierce,208,57843 Porter Stravenue,Byrdville,65009
Kyle Pearson,209,21089 Melissa Crest,Hoffmanborough,22279
Daryl Curtis,210,809 Fletcher Terrace Suite 865,Diazberg,94624
Russell Rivera,211,2988 Vasquez Rapid Suite 777,Gallowaymouth,12820
Susan Wallace,212,2680 John Cove Apt. 673,Juliaborough,53588
George Taylor,213,70405 Tyler Summit,North Kaitlin,35760
James Hall,214,572 Jamie Haven Suite 818,Adamsbury,41280
Benjamin Kelley,215,92546 Strickland Stream,Jillchester,13558
Kayla Knight,216,22781 Lori Loaf,Lake Carolyn,29687
Lisa Watts,217,053 Megan Ridge,Matthewville,87912
John Morris,218,914 Jeremiah Forks Apt. 330,Carrieville,26944
Natasha Johnson,219,4590 Roy Squares,East Barbarahaven,54075
Todd Yang,220,00639 Alyssa Field,Jackton,14852
Courtney Gonzalez,221,501 Katherine Plaza,Crosbymouth,49380
Jenna Young,222,151 Gentry Extensions,Gatesmouth,02094
Alyssa Fisher,223,630 Perez Streets,Villarrealbury,35277
Kurt Adkins,224,6124 Kelsey Ridges,East Amandashire,68466
Derrick Osborn,225,344 Chad Ports Apt. 797,Adrienneside,60138
Alexander Gould,226,2659 Travis Avenue Suite 771,Thomasberg,16510
Matthew Clark,227,62221 Cole Ridge,East Donald,42434
Maria Contreras,228,2683 Rodney Dam Apt. 365,Johnberg,39191
Melissa Garcia,229,101 Robert Parkway,Colemanfurt,16140
Trevor Barker,230,32806 Stacie Mall Apt. 704,Timothyville,64125
Ricardo Macdonald,231,9103 Howard Gateway Suite 421,Jonathanbury,19881
Michael Tran,232,014 Angela Via,North Lori,10938
April Ramos,233,62426 Robinson Flats,Johnsonmouth,48206
Gary Davis,234,928 Carlos Ridges,East Richardtown,75181
Claudia Duke,235,43665 Pamela Canyon,Patriciaside,22625
Elizabeth Johnson,236,28252 Harris Ranch,Simmonsside,09951
Yvette Gay,237,9238 Mack Court,East Alecmouth,60320
Nathan Martinez,238,1862 Amanda Creek Suite 642,Reyesside,46883
Alison Nolan,239,190 Parsons Mills,Lake Desireetown,14533
Eric Miller,240,3978 Ryan River,East Ashleyfurt,79802
Michael Choi,241,2898 Mcintosh Tunnel Suite 755,Whitetown,71091
Susan Cruz DVM,242,62050 Juan Bridge,Nicholsonmouth,22644
Olivia Jackson,243,3542 Kevin Extensions Suite 086,Ronaldport,51921
Tommy Bishop,244,059 Lauren Turnpike Apt. 186,South Paulton,72492
Jeff Yang,245,74619 Miller Key Apt. 805,Alexanderview,09312
Stephanie Pugh,246,093 Bennett Parkways Suite 845,Joshuaview,84305
Allison Hayes,247,33363 Keith Inlet Suite 844,Angelatown,01706
Jessica Barker,248,98437 John Islands,New Ginabury,40649
Denise Lee,249,6533 Caitlin Burg,New Teresaberg,29067
Hector Jordan,250,8733 Tracy Forks Suite 801,Leeside,54409
Lisa Guzman,251,55002 Patterson Branch,Alexanderchester,84135
Derek Hunter,252,061 Moore Valleys,New Elizabethberg,39381
Mr. Charles Patterson,253,380 Williams Mountains Apt. 856,Crystalville,74570
Jennifer Ferrell,254,822 Grimes Walks,Lake Drewhaven,70659
Michael Moreno,255,835 Roberts Station Apt. 852,New Jessica,23142
Brittany Smith,256,15606 Schroeder Divide,South Williamburgh,81874
Kevin Martinez,257,63625 John Isle,North David,18897
Sheryl Ford,258,76607 Peterson Burgs Apt. 310,Port Stacybury,48598
Kenneth Williams,259,35964 Neal Turnpike Apt. 228,Port Kaitlynland,59074
Adriana Richardson,260,637 Donald Squares,Christinaport,33509
Steven Palmer,261,14636 Melissa Common,Elizabethshire,14391
Joshua Tapia,262,3152 Stewart Vista,Hoffmanhaven,62352
Vicki Richard,263,93652 Porter Mountain Apt. 797,Calvinstad,20801
Joseph Bowers,264,66893 Ashley Circle Apt. 201,Lewisshire,49887
Jason Nguyen,265,5211 James Valley,Lake Nicolas,01614
Juan Proctor,266,8529 Evans Ridges Apt. 600,Daltonville,22935
Joyce Floyd,267,109 Ward Field Apt. 993,East Justinmouth,80755
Jason Johnson,268,673 William Track,Michelleport,54617
Charles Smith MD,269,425 Stone Village Apt. 753,South Michael,22110
Lydia Perkins,270,834 Andrew Square,North Stefanie,90661
Todd Lewis,271,6138 Williams Mountains,Lake Jason,09332
Susan Hendrix,272,03996 Amanda Expressway,Castilloshire,63340
Gregory Ward,273,30519 Hunt Ports,Thomasland,30033
Samuel Cross,274,79829 Micheal Plaza,Port Karamouth,15387
Mitchell Allen,275,015 Michael Unions Apt. 530,East Kenneth,23075
Laura Hayes,276,590 Hernandez Harbors,South Holly,20311
Natalie Hall,277,38704 Stephens Oval,Jonesland,65974
William Fisher,278,685 Debra Branch Apt. 456,Averychester,34682
Rebecca Obrien,279,2560 Harvey Points,Meganborough,71711
Carol Davis,280,74075 Nguyen Villages Suite 041,Williamsstad,59686
Richard Cooper,281,883 Patterson Hills,West Jennifer,18196
Joseph Kirby,282,5039 Clark Highway Apt. 622,Brittanyville,66156
Travis Chapman,283,3295 Ballard Rapid Apt. 633,South Mistybury,35112
Matthew Miller,284,72480 Michael River Suite 685,East Jameston,48590
Joseph Weiss,285,47681 Werner Mall,Harrisstad,84787
Jose Solis,286,43708 Owens Keys Suite 893,New Madison,42968
Wendy Gallegos,287,937 Gray Locks Apt. 382,New Zacharystad,32674
Jamie Mills,288,25375 Karen Fields Apt. 475,Weberville,96225
Nicholas Banks,289,4056 Francis Junctions Suite 007,Lyonsfort,07012
Debra Hardin,290,095 Jamie Mews Suite 271,Josephville,24466
Helen Nichols,291,7832 Powers Viaduct,Port Stevenmouth,84498
Jessica Savage,292,5933 Allen Passage,Port Thomas,73537
Joann Avila,293,3025 Stacey Islands Suite 966,Bradfordberg,09972
Emily Thomas,294,272 Nathaniel Squares,North Billymouth,95172
Christine Mendez,295,41705 John Crossing,Jonesburgh,78288
Kristina Wang,296,8378 Jonathan Grove,Zacharyfort,24895
Randy Burgess,297,24041 Deborah Falls,Kimberlyberg,57124
Ashley Evans,298,4476 Carrillo Mount,Christophermouth,35220
Bradley Beck,299,532 Ramirez Coves Apt. 783,Boyleshire,04903
Stephanie Rhodes,300,41324 Joseph Dale Suite 044,West Sara,64834
Stephen Williams,301,07962 Sara Flat,New Evan,92009
Stacey Bailey,302,4491 Heather Wall,South Davidland,84897
Mark Davis,303,7765 Alexander Crescent,Lindaberg,07005
Douglas Wagner Jr.,304,99357 Elizabeth Fork Suite 502,Ramosstad,66435
Brandon Robinson,305,0895 Lisa Heights,Tylerstad,97182
Timothy Cervantes,306,844 Robert Loaf,Hawkinsmouth,21212
Heidi Matthews,307,2453 Kline Tunnel,North Cherylmouth,53356
Jenna Barry,308,7379 Mcfarland Inlet Suite 736,Cohenville,60413
Steven Williams,309,77739 Veronica Canyon Suite 061,Jessicaside,57282
Theodore Ramirez,310,33932 David Tunnel,Maryton,58341
Mr. William Webb,311,6386 Harris Expressway Suite 220,Johnsonton,24985
Andrew Horton,312,9627 Rhonda Track Suite 475,West Tanner,11178
Jason Reynolds,313,20197 Burns Grove Suite 970,Mortonview,54061
Steven Ortiz,314,6837 Nicole Walks Suite 928,Stevenburgh,42794
Crystal Green,315,421 Cindy Tunnel Apt. 219,Danielleland,17583
Joel Torres,316,9853 Fletcher Crescent Apt. 948,East Desireeborough,42123
Ashley Richard,317,3146 Martin Ramp Suite 247,Port Joelport,70345
James Marquez,318,7273 Sims Gardens Apt. 179,Lake Richard,56574
Christopher Mays,319,174 Stephen Corners,New Tom,42509
Jamie Gregory,320,54992 Knight Ramp,West Robertshire,12589
Bonnie Ross,321,9174 Mcintosh Fields,South Jose,25907
Denise Robertson,322,30822 Chambers Flats Apt. 905,South Cynthia,09546
Tyler Hill,323,95839 Jensen Valleys Suite 958,Hartmanbury,18780
Deborah Reynolds,324,79467 Stephanie Radial,New Nathan,74316
Michael Rocha,325,95477 Megan Isle Suite 162,Matthewside,84838
Julie Frey,326,061 Dwayne Lodge Apt. 753,Saratown,19713
Jennifer Khan,327,6229 Gabriel Streets,Port Patrick,18315
Teresa Henry,328,258 Rhodes Plaza Suite 937,Batesstad,08398
Kenneth Baker,329,819 Turner Loop,Patriciachester,62386
Amber Davis,330,4074 Bruce Fields Apt. 466,New Sarah,46296
Edgar Williams,331,40449 Jeffery View Apt. 850,West Tammyfort,03508
Joanne Brown,332,4817 Sarah Meadows,New Sharon,46055
Tyler Vance,333,41485 Gardner Rest,Port Angela,63655
David Taylor,334,78214 Johnson Stream,West Anthonyside,50747
Micheal Martin,335,4790 Alex Landing Suite 830,West Ashlee,23241
Michelle Waters,336,30249 Bridget Stream Apt. 126,West Brianborough,17121
Jennifer Bentley,337,94300 Elliott Valleys Apt. 315,New Tina,54564
Brittany Hurley,338,165 Cooper Islands,Colleenview,12220
Karen Vaughan,339,6884 Teresa Rue Suite 533,North Billyside,06279
James Salinas,340,584 Jackson Extensions Suite 849,Melendezland,52036
Amber Harris,341,5642 Ross Park,Laurenborough,01868
Julia Warren,342,3663 Watts Union Apt. 200,South Kariport,17710
Steven Anderson,343,39705 Diaz Fork,Port Morganberg,11746
Brandi Lewis,344,2729 Jenna Ridges,West Michelleton,96447
Maria Romero,345,2563 Deborah Crossroad,Christyville,45809
Stacy Fox,346,4630 Smith Stravenue,East Trevorfort,15494
Brooke Shah,347,0924 Oneal Crossing,Hunterhaven,38937
Nicholas Brooks,348,65818 Paige Landing Apt. 516,North Gary,76819
Alyssa Lucas,349,1808 Tyler Trace Apt. 507,Millerfort,32434
John James,350,8201 Cody Spurs Suite 659,Hannahfurt,18727
Jacob Coleman,351,8968 Judith Track,Kristenmouth,62925
Matthew Bailey,352,6425 Dominguez Valley,Port Vickiberg,57870
Kimberly Anderson,353,6988 Alex Ville Apt. 496,Bakerfort,62715
Kimberly Jones,354,0508 Wallace Forest Suite 087,East Lisa,58578
Michelle Meyers,355,076 Morton Harbor,Markville,11785
Melissa Romero,356,824 Misty Key Suite 860,Port Adamshire,71551
Tyler Ross,357,52241 Melissa Trace Suite 228,East Diane,71652
Keith Robinson,358,859 Madison Burg,North Jamesside,52636
Lisa Evans,359,94295 Mata Junction Apt. 582,South Bridget,50324
Donald Garcia,360,8930 Donald Crossroad Apt. 239,East Reneehaven,01294
Jacqueline Hansen,361,61128 Greene Forge,Franktown,60307
Austin Nichols,362,1492 Glenn River,Davisfurt,16148
Lisa Butler,363,08162 Amber Ranch,North Johnny,81519
Sheryl Hall,364,01557 Larry Locks,East Joseport,54205
Michael Rivera,365,6911 Foster Drive Suite 105,East Jessicastad,28790
Leslie Parker,366,82355 Vasquez Brooks Suite 188,West Katiemouth,67695
Helen Allen,367,0365 Kari Union,Sharonburgh,45183
Mark Baldwin PhD,368,802 Knox Groves Apt. 027,West Michele,29398
Jason Lara,369,2111 Ashley Lights,Suttonmouth,17225
Thomas Walker,370,8863 Mitchell Shore,New Brenda,57063
Melinda Martin,371,97104 Smith Port Apt. 309,Shanemouth,79763
Heather Chavez,372,711 King Brooks Apt. 222,Mooreborough,09028
Denise Manning,373,2987 Harris Falls,Ericland,81023
Jessica Martinez,374,3308 Joshua Shores Suite 362,New Danielland,28040
Jennifer Jordan,375,32992 Gregory Summit Suite 350,Seanbury,92038
Rebecca Robinson,376,05037 Jessica Stream,Ericamouth,80615
Christopher Reyes,377,74611 David Fall Suite 574,Lake Karenberg,04018
Stephanie Thomas,378,048 Elizabeth Ranch,North Danny,11784
Daniel Perez,379,280 Matthew Divide Suite 792,Lake Kimtown,06488
Brian Neal,380,3233 Jennifer Pine,Sylviaton,82632
Dawn Stone,381,2530 Sarah Path Apt. 219,Arroyoview,83927
Jason Thompson,382,07935 Peter Fall Apt. 051,Baileystad,43124
Patrick Mann,383,785 Eric Neck,New Katrinahaven,70468
Joseph Patterson,384,11005 Turner Islands,Padillamouth,18662
David Ramos,385,5636 Jennifer Avenue Apt. 183,Rubenside,06867
Sonya Perry,386,3844 Tina Pike Suite 026,West Mitchell,60503
Donald Dickerson,387,76173 Miller Drive,Barbaraberg,54928
Melissa Padilla,388,786 Nicholas Course,Carrieberg,20941
Anthony Howard,389,6366 Johns Cape,East Dale,99529
Sheila Andrews,390,894 Johnathan Divide,Heathermouth,80039
William Hull,391,677 Ingram Station Suite 194,Amandaport,96382
Dawn Carroll,392,4342 Nicholas Oval,New Kimberly,82227
Michael Jackson,393,8586 Stephen Turnpike,South Jose,84066
Edward Beltran,394,987 Sharon Trail Suite 985,Mitchellhaven,36213
Robert Wright DVM,395,576 Theresa Ridge Suite 861,Wilsontown,07656
Rebecca Espinoza,396,109 Strickland Spur Suite 052,Millerberg,42597
Jonathan Morgan,397,620 Tina Heights Apt. 975,New Erik,22952
Lynn Mclaughlin,398,53237 Joseph Meadow Suite 353,Lake Charlesville,76909
Valerie Lee,399,4023 Veronica Springs,Port Bonnie,19783
Lawrence Maxwell,400,56478 Burke Inlet Suite 025,West Dana,03174
James Howell,401,622 Hughes Wells,East Debra,08891
Susan Wood,402,138 Meyer Coves Apt. 890,New Melissa,37442
Brianna Woodard,403,535 Hahn Hill,Domingueztown,37768
Mathew Flores,404,11434 Henry Trafficway,Port Shannon,37020
Angel Stephens,405,952 Christina Shores,Johnsonside,29693
David Woodard,406,05205 Avery Hollow,Vanessaville,37861
Adam Brewer,407,73828 Richard Ridge Suite 718,New Lynnville,62767
Dana Yates,408,653 Tina Summit Suite 475,North Roy,77073
Jeffrey Daniels,409,918 Andrew Common,East Johnview,06702
Mario Bowen,410,948 Reed Route,Smithhaven,81727
Amy Sanford,411,0098 Graves Ways Apt. 131,Harrisfurt,56468
Charlotte Hayes,412,73620 Amber Way,North Christopherberg,98580
Jamie Carter,413,3345 Chad Islands,Crystalland,98486
Paul Watkins,414,49296 Marsh Summit,Danielview,05398
Kathleen Suarez,415,43353 Moyer Ville Suite 462,South Lisabury,00574
Deborah Meyers,416,219 Johnson Mount Apt. 436,Mistyton,73191
Jennifer Mendoza,417,22182 Robert Fords Suite 966,Lake Christopherburgh,15747
Glen Adams,418,154 Butler Rest Suite 242,Poncemouth,01962
Juan Smith,419,796 John Trace,New James,06556
James Solis,420,41931 Daniels Hills,Ashleytown,81791
Michael Burton,421,28937 Shawn Plains Apt. 803,Monicaburgh,28627
Laura Cole,422,4154 Kenneth Shore,Mendozatown,51680
Jason Marks,423,616 Robert Overpass Suite 020,Larrystad,70328
Melissa May,424,2468 William Harbor Suite 305,Manuelville,78476
Dr. Kristopher Jones,425,20170 Patricia Lake,West Amyburgh,83429
Gary Dyer,426,3578 Catherine Freeway Apt. 051,Michellebury,25343
Hannah Evans,427,0553 Lisa Drive,Leetown,77211
Pamela Walker,428,900 Bridges Vista Suite 380,West Johnnyfort,34676
Scott Scott,429,20614 Gibson Ramp Suite 812,Melissaton,91803
Adam Shaffer,430,5885 Moore Spur Suite 390,Lake Anthony,59905
Danielle Taylor,431,129 Kim Viaduct,West Felicia,12313
Ashlee Hicks,432,732 Mckinney Divide,Smithstad,39576
Ashley Norman,433,23990 Travis Ridge,Desireeland,62065
Kristen Andrews,434,78143 Molina Alley Apt. 608,New Seanshire,20363
Dana Phillips,435,61596 Albert Land Suite 366,Joelberg,95346
Ms. Adrienne Adkins MD,436,0912 Hernandez Unions,Estradabury,50689
Jacqueline Chang,437,175 Bruce Pine,New Dannyside,60737
Stephen Grant,438,424 Aaron Glens Apt. 689,East Jackie,96395
Justin Rodriguez,439,7003 Ray Estate,Burtonfurt,37053
Claire Reilly,440,80177 Bolton Bridge Suite 239,East Maryshire,76583
Amanda Key,441,68481 Benjamin Cliffs,Lake Cole,14441
Michelle Griffin,442,252 Miller Glens Apt. 881,New Cheyenne,98250
Alexandra Montoya,443,0675 Patterson Squares,North Brian,12241
Melissa Carter,444,8907 Wood Hills Suite 364,Lake Christopher,90186
Meghan Nichols,445,4317 Hendrix Plains,West Jason,36213
Ryan Willis,446,98898 Snyder Mountain,North Deborah,59817
Troy Barajas,447,167 Brown Locks Suite 715,Andersonton,31348
Megan Stevens PhD,448,84822 Amanda Path Apt. 105,South Jason,35965
Natalie Neal,449,198 Blankenship Vista,Lake James,35708
Jeffrey Owens,450,0373 Rachel Ramp Suite 626,Dawnchester,19300
Deanna Johnson,451,373 Judith Vista,East Joshua,76525
Matthew Garza,452,5666 Nicole Parkways Suite 196,West Ericaburgh,06237
Michele King,453,0179 Neal Fort Apt. 951,Jodimouth,73289
William Rodgers,454,843 Susan Gardens,Brandonhaven,15177
Timothy Brooks,455,84623 Mullen Knoll,Port Joan,34978
Richard Brown,456,184 Matthew Heights,Edwardsside,45817
Willie Peterson,457,67575 Wells Mount Apt. 789,Johnburgh,37259
Jeremiah Ford,458,2338 Rebecca Squares,South Crystalmouth,14957
Kenneth Dillon,459,7936 Keith Mount Suite 655,East Kimberly,18515
Alyssa Townsend,460,8021 David Gardens Suite 165,Millerborough,37728
Carl Webb MD,461,3342 Williams Keys Apt. 551,Beanmouth,97828
Christopher Contreras,462,6820 Wheeler Vista Suite 182,Diazburgh,28133
Jack Ramsey,463,344 Clements Rapids Suite 397,South Chase,38464
Michael Huff,464,8524 Perry Points Apt. 385,Ibarramouth,15542
Alexander Kim,465,094 Jackson Ridges Apt. 087,Cannonmouth,11684
Bobby Moreno,466,87763 Fitzgerald Mountain,Smallland,27931
Amber Mitchell,467,3887 Tyler Loop,Jacobsonfurt,97692
Jason Bright,468,5590 Garrett Canyon Apt. 833,Morrisonland,09580
Emily Schmidt,469,46973 Alyssa Isle Apt. 759,Williamshaven,01514
Matthew Clark,470,625 David Fall Suite 326,Gregoryfurt,41431
Joe Wilson,471,494 Baker Loaf,Graceport,20186
Daniel Chang,472,1139 James Village,Nathantown,85256
Christopher Green,473,1168 Ryan Route,Port Angelaberg,25938
Nathan Francis,474,580 Quinn Loaf Apt. 715,Shawshire,95412
Joshua King,475,69978 Wood Tunnel Apt. 577,Lake Tammymouth,37439
Brian Chandler,476,76339 Thomas Summit,Port Angelica,10214
Matthew Owens,477,816 Juan Tunnel,South Stephen,73068
Antonio Miller,478,39780 Teresa Flats Apt. 396,Port Donna,69816
Michael Wallace,479,156 George Stravenue,Julianside,04695
Mrs. Theresa Reyes,480,37491 Chang Trail Apt. 904,Tranborough,38424
George Green,481,7298 Ryan Lakes,West Hannah,45559
Colleen Phillips,482,3955 Paul Tunnel Suite 639,Thompsonton,71358
Matthew Richards,483,91304 Matthew Locks,West Alexandrafort,74273
Valerie Hansen,484,02406 Herrera Pass Apt. 988,Haydenfort,11390
Omar Hunt,485,6135 Joanne Shoal,East Craig,86862
Amy Gregory,486,859 Hayley Prairie,Sextonhaven,54996
Lori Avery,487,979 Michael Harbors,Port Jamesbury,68188
Julia Blake,488,95640 Ronald Villages Suite 450,West Kathyberg,71756
Charles Smith,489,26382 Sanchez Spring Apt. 476,New Timothy,64960
Kelly Jennings,490,0895 Amy Mountains,Ernestside,80954
Emily Lowery,491,0581 Fisher Rapids Apt. 963,Port Kelly,84293
Karen Contreras,492,7104 Chan Turnpike,Rogerchester,76515
William Gray,493,9594 Rogers Radial,Mcmahonfort,74472
Lisa Jones,494,2057 Joshua Rest Apt. 419,West Abigail,97560
Michele Contreras,495,239 Hannah Fort Suite 630,Williamtown,61576
Margaret Allen,496,6528 Smith Stravenue,Williamtown,51168
Bruce Ross,497,6211 Lopez Wall,West Kevin,91051
Billy Morgan,498,411 Harris Ports Suite 501,Mauriceland,03539
Catherine Davies,499,06293 Peck Prairie Suite 245,West Kathyhaven,89277
Robert Martinez,500,03732 Jessica Road,Lake Andrewtown,09591
Kristina Perez,501,097 Bradley Forge,Lake Raystad,12596
Jorge Cook,502,53205 Michael Forks,West Travis,95568
Shane Norton MD,503,02035 Carl Island Apt. 456,Rogersside,84328
Steven Hernandez,504,99517 Roberts Road,Smithmouth,37027
Anna Chan,505,2693 Michael Walks Suite 383,Wendyberg,35812
Joshua Bailey,506,73102 John Fork,Lake Laura,79429
Shannon Rhodes,507,1190 Wendy Inlet,Thompsonberg,04676
Eric Russell,508,63375 Li Pines Suite 811,Port Jennifer,59222
Dawn Cox,509,9287 Erin Station Apt. 061,Hayneschester,61222
Hannah Sanders,510,529 Davis Drive Apt. 446,Lake Lauraland,15747
Jacob Stout,511,551 Cesar Summit Suite 327,Kennethborough,48304
Laura Mcgee,512,9008 Mendez Mission Suite 082,Davidtown,88947
Steven Beard,513,2871 Elizabeth Burgs,Port Andrew,76691
Bryan Hutchinson,514,508 House Road Suite 063,West Courtney,45601
Cheryl Lewis,515,7232 Washington Expressway Suite 680,Samuelhaven,95248
Daniel Walker,516,975 Pineda Ways Apt. 347,New Heathertown,96020
Kimberly Villanueva,517,0595 Larson Plains Apt. 864,Port Kenneth,38132
Christie Wall,518,925 William River Apt. 925,Stephaniebury,71696
Robert Morales,519,2588 Davis Glen Apt. 266,North Madison,64581
Mackenzie Hubbard,520,151 Ronald Divide Apt. 062,Port Bonnie,12146
Ronald Gutierrez,521,97800 Carr Rue,Lake Jennifer,39306
Kristi Campbell,522,93824 Robert Fort,Isabelhaven,50581
Daniel Clayton,523,22349 Adams Dale,Lake Jose,60675
Tony Wallace,524,658 Daugherty Flats Suite 011,North Robertton,09607
Jordan Levy,525,3189 Edwin Forest,Lake Clayton,68019
Samantha Hanson,526,895 Stephen Camp Suite 980,Mccannborough,43396
Andrea Villarreal,527,84178 Adam Mall Suite 268,Joshuafurt,32606
Jonathan Moore,528,842 Christopher Knoll,Lake Kristen,32681
Joshua Martin,529,5003 Catherine Plaza Apt. 584,New Kevin,00999
Christina Stewart,530,47557 Davis Corner Apt. 580,West Paulchester,95317
Theodore Young,531,77276 Bryan Port,Robertfort,57997
Julie Ferguson MD,532,01178 Jose Coves Suite 566,West David,61907
Erica Thomas,533,4596 Adam Trafficway Suite 381,North Samuel,10453
Lauren Mendez,534,490 Foley Rapid,East Christina,20368
Trevor Gutierrez,535,68525 Crosby Stravenue Suite 511,Sydneyfort,28822
Rachel Crawford,536,4995 Adrian Ramp,Danielside,15623
Amanda Bailey,537,769 Carrillo Gardens Apt. 838,Andreaview,84801
Jennifer Byrd,538,25198 Jones Knolls,South Brandifurt,06815
Bridget Pruitt,539,95857 Brandon Villages,Herrerastad,38806
Elizabeth Skinner,540,21785 Michael Forks,Stevenberg,74704
Laura Sanchez,541,0552 Carter Drives Apt. 128,East Anthony,12095
Carla Carpenter,542,287 King Keys Suite 374,Kendrachester,67005
Shelby Peterson,543,9519 Kimberly Village,Edwinland,30946
Joseph Miles,544,96028 Richardson Oval Suite 590,Changfort,12707
Daniel Leonard,545,404 Johnson Ports,Brandonbury,95270
William Bishop,546,3472 Brooks Locks,Dustinchester,50494
Curtis Smith,547,87598 Stephanie View Suite 584,West Andrew,95187
Michael Jones,548,952 Robert Harbors,Emilyborough,47348
Samantha Fowler,549,41703 Suarez Landing Apt. 466,Lake Stephanieburgh,69995
Mary Gomez DVM,550,70266 Danny Ports,North Briana,62218
Eric Davis,551,3212 Emily Points,North William,79362
Kristin Hubbard,552,6084 Matthew Locks,Morrisonshire,83106
Beth Williams,553,53811 Robert Spring Suite 029,Mcintyrebury,76849
Keith Pierce III,554,279 Jones Fields,Oscarborough,43229
James Edwards,555,19935 Smith Burg,Guzmanville,86501
Benjamin Foster,556,57227 Decker Stream Suite 811,New Toddhaven,27822
Wesley Lindsey,557,15583 Martinez Junction,Mullinsstad,65755
Renee Rhodes,558,2577 David Street,West Geraldburgh,85467
Kevin Avery,559,150 Mark Cliffs Apt. 999,Makaylastad,60709
Heidi Thompson,560,7793 Webb Center,Turnerburgh,44681
Patrick Navarro,561,921 Margaret Wall Apt. 691,South Kathleenfort,22998
Sarah Johnston,562,924 Sawyer Streets,Tranhaven,11238
Gregory Bell,563,47159 Sarah Streets,South Ronnieland,79092
Amy Walker,564,04171 Jones Ways,Maciaston,19054
Mia Jones,565,987 Robbins Village,Andersonborough,68196
Mark Sullivan,566,8770 Troy Estates Apt. 531,New John,55687
Laura Jackson,567,69254 Cheryl Courts,New Paul,63417
Travis Webb,568,05289 Flores Corner,Walkerberg,58636
Deborah Allen,569,999 Kathleen Mountain Suite 434,East Marcbury,90627
Dana Chavez,570,84245 James Spur,New Laurie,76639
Jennifer Davis,571,43093 Fowler Underpass,Brendashire,85271
Natalie Gordon,572,9150 Flowers Views Suite 815,West Edwardland,90587
Kelly Evans,573,7434 Christine Pike,East Amandaton,30926
Timothy Davis Jr.,574,321 Sarah Trace,Port Jason,75740
Meagan Pearson,575,41806 Colon Meadows,West David,75993
Darrell Martin,576,356 John View,Collinsmouth,55250
Alec Olson,577,85237 Tonya Land,East Tammy,99783
Kyle Andrews,578,404 Christina Turnpike Apt. 948,East Samuel,06481
Jody Richard,579,823 Bailey Land,Ashleyshire,67985
Gregory Garcia,580,509 Kristen Unions,Port Bobbyshire,67216
Patricia Harris,581,325 Martin Key,Edwardville,66322
Susan Williams,582,85633 Tucker Harbor,North Steve,00735
Leslie Ruiz,583,139 Stephanie Circle,Lake John,27936
Michael Ross,584,8955 Hamilton Points,West Amandaberg,97168
Patricia Phillips,585,872 Thomas Place Apt. 584,Jenniferland,62314
Bryan Tran,586,629 Wong Springs,Port Patricia,94606
Emily Russell,587,82961 Klein Tunnel,New Brianchester,17282
Heather Goodman,588,54496 Green Landing,West Stephanie,03034
Brian Bennett,589,410 Carla Expressway Suite 469,Lucasland,60539
Ronald Anderson,590,144 Zimmerman Station Suite 985,Jeremyview,51167
Mary Stevens,591,09947 Karen Mall,Jamieville,86228
Bobby Gomez,592,29751 Andrew Ridges,South Danielton,87950
Benjamin Phillips,593,525 Blackwell Turnpike,Lake Paul,04368
David Rogers,594,4027 Snyder Ridges Suite 141,New Robinland,81055
James Howe,595,28101 David Rapids Suite 774,East Josephbury,73402
Michael Wilson,596,18066 Dennis Port Suite 866,Lake Christopher,76834
Latoya Wilson,597,413 Jennifer Walks,Port Michelle,97827
Lynn Black,598,9416 Holly Freeway,Woodsfurt,60040
John Short,599,7194 Hunter Ranch,Jeffreyville,42373
Megan Lopez,600,4792 Gillespie Hills,Lake Tiffany,47614
Mariah Mcbride,601,94416 Jennifer Trail Suite 009,Port Curtisview,72860
Gregory Wallace,602,99306 Sandra Groves,Kelseyport,77143
Kristina Watkins,603,59228 Lisa Ridges,East Davidmouth,41140
Christopher Miller,604,80060 George Lodge,Lake Tracy,98036
Roy Burns,605,118 Hamilton Loop,West Scottberg,53287
Charles Coleman,606,020 Smith Cape Suite 367,Drakeshire,70381
Brianna Pearson,607,878 Michael Streets Suite 082,Grahamside,85209
Elizabeth Rios,608,6193 William Stravenue,Kimside,64943
Bryan Ramirez,609,7981 Gabriela Loop Apt. 004,Williamberg,04267
Cristina Chavez,610,642 Owen Island Suite 662,Laurenchester,45795
Laura Mcmahon,611,38961 Tamara Park Suite 846,East Jordan,48058
Mary Shepherd,612,15049 Jeffrey Fort,Vanessaborough,06195
Mr. Kenneth Huynh MD,613,5466 Cruz Meadow Suite 488,Bryanberg,12578
Joshua Gray,614,13723 Williams Brook,Jacksonland,73296
Michael Jordan,615,199 Angelica Street,West Johnside,66846
Shawn Allen,616,796 Aimee Oval,North Christianton,22155
Paula Hansen,617,56834 Catherine Flat Suite 637,South Vanessatown,51333
John Smith,618,64692 Pennington Stravenue Suite 446,Paulchester,72327
Anna Hess,619,48898 Flynn Walk Apt. 302,West Michael,07321
Tina Haynes,620,4598 Kim Meadows,East Marcus,62152
Stephen Richards,621,3701 Jackson Manor,Amyland,20543
Ebony Doyle,622,5633 James Grove,Jenniferside,67695
Courtney Cole,623,96771 Lindsey Summit,Alexanderstad,39805
Jennifer Hicks,624,979 Washington Mountains Apt. 693,Port Mallorymouth,05433
Rodney Williams,625,46603 Elizabeth Street Suite 180,Walkermouth,42248
Ashley Preston,626,607 Schmidt Ways,Whiteburgh,43628
Laurie Odonnell,627,80750 Shannon Extensions Suite 616,Port Johnshire,77177
James Knapp,628,088 Dominguez Union Apt. 877,West Teresa,26254
Crystal Leonard,629,562 Samantha Centers,Martinmouth,78424
Veronica Roberts,630,4269 Harris Extensions Apt. 735,South Travis,77130
Frank Wells,631,08355 Brent Green,Amandaville,51520
Ashley Macdonald,632,041 Nicole Underpass,South Angelafurt,38391
Mary Soto,633,176 Katrina Crest Suite 250,East Gabrielleside,92292
Holly Vaughn,634,294 Michael Mill Suite 174,New Tyler,13538
Ricardo Reed,635,6596 Kelly Mount Suite 295,South Kevin,68850
Diane Harmon,636,4236 Gilbert Flat,Port Stephen,99103
Olivia Mason,637,3829 Thomas Summit,Brooksside,10890
Luis Clay,638,5953 Smith Alley Suite 463,Irwinshire,07577
Stacy Peterson,639,0041 Valerie Green Apt. 593,Christineberg,06841
John Wright,640,89353 Carter Hills Suite 382,Johnburgh,94402
Katie Thompson,641,786 Richards Spur Apt. 514,North Grantberg,19137
Mrs. Lindsey Weber,642,876 Walsh Camp,New Kathleenville,30281
Michael Glover,643,749 Dennis Extension,New Sara,78025
Mr. Phillip Leon,644,3320 Kyle Extension Suite 074,New Elizabeth,76177
Angela Li,645,146 Floyd Crest Apt. 506,Stephenshire,58922
Jared English,646,981 Edwards Glens,Albertfurt,73248
Amy Kirk,647,8861 Chandler Branch,West Cindy,62786
Brandon Villanueva,648,543 Bonnie Valley Suite 610,New Dennischester,37698
Russell Wolfe,649,1377 Hoover Island,Jonesbury,20814
Sandra Jones,650,33101 Andrew Via,Richmondhaven,78407
Katherine Hamilton,651,043 Parsons Trail,South Charles,86483
Alyssa Robinson,652,66363 Martinez Radial Apt. 607,Kevinshire,20524
Rose Rodriguez,653,8334 Beltran Isle,South Colleenport,90630
Barbara Baker,654,809 Robert Courts,Port William,47126
Tiffany Martin,655,7881 Allen Burgs Apt. 301,North Travismouth,21987
Kayla Keith,656,345 Jennifer Mountains Suite 963,Brittneyland,35893
Cynthia White,657,67949 Robert Center Suite 934,Donnaton,19037
Julia Hayden,658,944 Calderon Islands,South Douglasview,87866
Adam Sharp,659,1471 Sarah Lights Suite 507,Martinezhaven,59595
Alan Byrd,660,4126 Jeremy Corner,Lake Ianton,23636
Maria Hall,661,42930 Mccoy Ferry Suite 012,New Lynn,99635
Alexander Spencer,662,3481 Brooke Hollow,Wareborough,07731
Debra Cochran,663,16293 James Spur Apt. 523,Port Sheilafort,19724
Erika Espinoza,664,73062 Alexis Field Suite 039,Davidtown,19771
Cheryl Anderson,665,8843 Lewis Light Suite 234,Kingshire,77533
Stephanie Roberts,666,5449 Savannah Islands Apt. 861,North Gregory,26717
Sherry Duke,667,633 Michael Walk Apt. 565,North Jenniferfurt,05181
Jacqueline Webb,668,89741 Traci Flat,Frederickmouth,26656
Jennifer Smith,669,432 Alyssa Islands,Port Rebeccaland,36811
Brent Copeland,670,730 Peterson Meadows,Jenniferport,27046
Thomas Morgan MD,671,80189 Bell Lakes,South Donald,68793
Dustin Fox,672,50225 Simon Pass,Christophershire,06464
Kristen Rice,673,613 Scott Port,South Gregory,43269
Dr. Erin Zavala,674,92810 Carrie Parks,Lake Sydney,79707
Kimberly Spencer,675,031 Sean Turnpike Suite 137,West Daleton,81175
Anthony Berg,676,03816 Chad Place,South Tonyaville,65396
Zachary Hall,677,6871 Susan Tunnel,Griffithfurt,54089
Andrew Murray,678,9753 Hernandez Cliff,Cindyville,52798
Brittany Barnes,679,7428 Loretta Wells Suite 294,West Aaron,77991
Sheila Nelson,680,6627 Jennifer Pass,South Katherinechester,01956
Jerry Jackson,681,1677 Cole Circles,Johnsonberg,51212
Lisa Kramer,682,36055 Robinson River,Brownburgh,77554
David Hunt,683,0513 Frederick Inlet,Powersport,24961
Troy Martinez,684,2125 Tammy Dam,West James,23565
Mario Cervantes,685,136 Gordon Locks,Sarahborough,60507
David Grant,686,044 Taylor Road,Lake Toddton,82043
Kevin Peterson,687,894 Trevor Greens,Port Bradley,19578
Jeffrey Robinson,688,92708 Gray Lock Suite 154,New Annborough,48238
Kathy Meza,689,38049 Annette Ferry Suite 017,Ashleyshire,03420
Jennifer Williams,690,1405 Joseph Garden,North James,86621
Scott Campbell Jr.,691,78991 Crystal Shoals,North Michaelville,51795
Chad Flores,692,05171 Thompson Lane,Williamsborough,59360
Abigail Lopez,693,893 Adams Road Apt. 803,Bethhaven,43044
Julie Pope,694,0349 Sara Wall Apt. 721,New Yolanda,87572
Zachary Grant,695,43281 Angela Plaza Suite 717,Lawrenceburgh,61693
Patrick Gregory,696,7019 Wilson Road,West Amandamouth,55851
Luke Crane,697,7234 Cooper Ridge,Christinaborough,21848
Kenneth Wagner,698,75503 David Passage Suite 791,Blakeberg,98409
Jeffrey Gutierrez,699,96318 Laura Motorway Apt. 062,Castanedashire,48623
Holly Salazar,700,33549 Brooke Trail,Josephburgh,20861
Meagan Wright,701,1006 Crawford Grove Suite 302,Thomaston,49026
Stephen Winters DDS,702,48149 Mendez Crescent,Keithfurt,21483
Anthony Lozano,703,5343 Austin Drive,Port Williammouth,39600
Gregory Wallace,704,09262 Lee Corner Suite 040,Kelseymouth,53402
Jose Johnson,705,760 Davis Square,East Michael,92567
Jennifer Richard,706,344 Parker Hollow Apt. 208,Johnsonville,31261
Brenda Long,707,506 Hanson Islands Apt. 093,Robinsonmouth,75245
Anna Miller,708,239 Martha Stream,Port Robertland,22204
Juan Patterson,709,417 Debra Bridge Apt. 446,Johnhaven,64204
Gregory Mckay,710,9412 Lisa Fords Apt. 726,South Leslie,96207
Sarah Robinson,711,7812 Davis Points,New Brettshire,56219
Danny Davidson,712,52987 Adam Estate,Wallaceland,47170
Diana Webb,713,13426 Soto Haven Suite 694,Hardyshire,38554
Gary Stone,714,5277 Tiffany Key,Christineborough,96343
Tammy Snyder,715,07075 Clark Courts,Williamsport,16699
Dr. Gregory Kaufman,716,9709 Gray Circle Suite 900,Walshview,20762
Melanie Green,717,79488 Andersen Port Apt. 400,Hallborough,06379
Amy Garcia,718,745 Ronald Mill,North Nicholas,03003
Melissa Sloan,719,2646 Gillespie Ramp Suite 982,Port Jeffreyborough,74229
Vanessa Berg,720,543 Swanson Neck,Webbfort,27048
Tyler Higgins,721,9292 Linda Bypass Apt. 631,Anthonyhaven,69425
Elizabeth Jackson,722,40413 Stephanie Shoals Suite 594,Justinberg,28186
David Johnson,723,6135 Brown Mountains Apt. 136,Port Keith,80711
Amy Green,724,364 Smith Crossing,Dennisfurt,89972
Marie Patrick,725,53119 Matthew Forge,West Richardbury,40946
Carol Carlson,726,76547 Ortiz Mission,New Triciatown,00832
Eric Martinez,727,87095 Patrick Flats Suite 468,Scottbury,71028
Sandy Nixon,728,09197 Huber Loaf,New Elizabethchester,31491
Toni Martinez,729,0778 Richard Manors Suite 311,Aguirrechester,41632
Janet Estrada,730,84053 Smith Grove,East Hannahtown,63968
Lauren Sullivan,731,07214 Danny Underpass,East Robert,71413
George Villa,732,8068 Knight Spring,East Neil,97276
Tracy Mendez,733,6287 Jonathan Meadow Apt. 762,Huffmanport,75602
Teresa Acevedo DDS,734,3097 Joshua Grove Apt. 062,Mackenzieview,03270
Denise West,735,633 Stewart Park,Karashire,61201
Kimberly Vazquez,736,84176 Medina Branch,Freemanfurt,48480
Daisy Ferguson,737,73523 Joseph River,Jessemouth,62543
Joseph Rodriguez,738,5657 Luna Ways,Laurenton,78619
Kenneth Brown,739,86184 Campbell Lake Suite 807,Bauerville,64982
Nicholas Acevedo,740,36436 Barber Field Apt. 056,Port Stephanieton,90583
Dr. Tami Montes,741,736 Cook Ridges,East Kevinhaven,61007
Mark Harrison,742,4682 Martin Radial Suite 984,Mariafort,54698
Gwendolyn Porter,743,0120 Morris Glen Suite 060,Port Billyton,15920
Eric Rodriguez,744,27386 James Estate,Dunlapside,37815
Jennifer Carlson,745,27432 Christina Expressway Apt. 284,East Barryshire,84493
Norman Barrett,746,05734 Henderson Inlet Suite 009,West Kyleville,22371
Richard Reed,747,48962 Mccarty Gardens,West Valerieport,91026
Trevor Smith,748,35716 Gibbs Locks,Tinashire,37689
Brad Savage,749,8758 Dorsey Knolls Suite 745,Danielside,34909
Rachel Scott,750,25714 Warren Square Apt. 567,Jaimefort,97761
Gregory Howell,751,6372 Richard Fields,Smallchester,98672
Deborah Hunt,752,755 Carrie Mountains,West John,85317
Amanda Fritz,753,75178 Lang Ports Suite 065,Lisaburgh,03356
Christopher Turner,754,624 Blankenship Rapid Apt. 587,Powelltown,01637
Patrick Bell,755,1447 Micheal Greens Apt. 390,Travisbury,07000
Richard Harris,756,57716 Victoria Island,East Timothyport,63055
Mary Kim,757,2210 Ian Port Apt. 601,Michaelhaven,33345
Benjamin Gomez,758,042 Hannah Crescent Apt. 910,North Robertmouth,83240
Kristina Graves,759,410 Micheal Port,Robertville,94441
Leah Francis,760,064 Warner Keys,Williamtown,60927
Melissa Blair,761,9376 Golden Turnpike Suite 908,Millertown,22147
Lisa Little,762,81973 West Fort,Philipville,33753
James Arellano,763,3576 Jonathon Ranch,West Fernandoberg,21857
Joseph Crawford,764,695 Anderson Isle,Lake Sara,71091
Jose Wilson,765,57454 Diaz Highway,East Stephanie,28611
Jennifer Ryan,766,454 Travis Stravenue,Curtischester,02842
Abigail Reynolds,767,37327 Miller Forest Apt. 081,Jimenezside,72189
Troy Jenkins,768,964 Thomas Prairie,Sherifurt,60153
Melissa Young,769,3559 Hanson Drive,Lake Timothyview,72198
Tracie Patton,770,573 Arthur Lodge,East Peterfurt,61841
James Singh,771,8938 Barry Course,Patriciaton,30970
John Cooper,772,11683 Friedman Ports,New Lauratown,81096
Jessica Wood,773,4047 Franklin Junctions,West Sonya,82824
Nicholas Bright,774,47083 Matthew Fords Apt. 209,New Nathan,79785
Dale Patterson,775,525 Taylor Groves,Rowlandshire,54931
Brenda Gross,776,9922 Farrell Grove Apt. 915,Alvaradohaven,08392
William Duncan,777,2941 Hamilton Shore,Michaelport,95960
Joseph Tran,778,607 Shelly Crest,West Bryan,98017
Kathy Ritter,779,62066 Caitlin Glen,Andersonborough,77291
Brandon Ortiz,780,95045 Jonathan Well,West Heatherbury,39640
Jessica Cuevas,869,4294 Munoz Coves,Katherinemouth,48874
Thomas Perez,781,06280 Hicks Garden Apt. 664,Port Michellehaven,11933
Mr. William Thomas,782,19104 Rivera Islands,East Alex,18490
Peter Romero,783,966 Jaime Road,Christopherfort,09578
Tyler Drake,784,3666 Anita Trail,Jamesberg,01884
Alison Maldonado,785,15798 Joseph Light Apt. 801,Port Tricia,71723
Sharon Hart,786,9031 Adam Stravenue,Timothytown,93453
David Ayala,787,3193 Kelly Field Suite 033,Cortezmouth,93173
Gina Avery,788,0072 Murphy Harbor,Port Gregory,57135
Darlene Griffin,789,363 Ebony Manor,North Lisa,87636
Kristin Reed,790,7455 Lisa Corners Apt. 326,Elizabethview,50610
Angela Patel,791,022 Fleming Rue Apt. 074,Sanchezfort,76041
Ms. Robin Christian,792,164 Gregory Unions Suite 381,Jennifershire,59566
Melissa Lowe,793,00097 Brown Burg Apt. 532,West Annette,28886
Sarah Price,794,592 Tiffany Camp,South Amy,37628
Taylor James,795,9572 Castro Green,Luistown,40871
Brianna Johnson,796,913 Keller Spring Apt. 212,North Amy,14721
Bruce Lester,797,97221 Brenda Land,South Deanna,60344
Hunter Allen,798,46318 Roy Grove,New Steve,54706
Fred Morales,799,574 Leah Ferry Suite 257,Port Kaylaburgh,55315
Carrie Duarte,800,74409 Matthew Road,Nolanport,36597
Timothy Lindsey,801,0324 Garza Ports Suite 012,Davidchester,96658
Jacqueline West,802,0585 Mendoza Landing Apt. 903,West Anthony,03318
Linda Rose,803,201 Colleen Oval,South Walterside,54262
Theresa Fuller,804,5185 Anderson Green,Markport,65838
Frank Gomez,805,8619 Whitehead Unions,West Carlos,74189
Emily Estrada,806,04834 Acevedo Greens Apt. 614,Perezfurt,96186
Dr. Ann Allen,807,59424 Hill Camp,Campbellfort,65560
Craig Austin,808,7858 Fleming Loaf Suite 276,Lake Ryan,65177
Christopher James,809,208 Anthony Lodge,New Eddietown,46928
David Woods,810,655 Ramirez Alley Suite 593,Hunterfurt,83076
Ana Best,811,55070 Cameron Glen Suite 966,Moralesfurt,03424
Anthony Mcmillan,812,864 Gregory Road Suite 937,West Taylor,12097
Shannon Dillon,813,06321 Keith Coves,New James,31315
Kimberly Smith,814,234 Smith Circle,Isaiahview,86438
Chad Tanner,815,0974 Brian Turnpike,Wardview,44352
Melissa Hunter,816,034 Cynthia Avenue,East Joshualand,66881
Blake Hoffman,817,3491 Larry Square,South Steveview,83636
Harry Martinez,818,620 Patel Rapid,Port Vanessa,14719
Andre Roberts,819,02609 Ramirez Mountains,Boothport,91444
William Lyons,820,58327 Danielle Square Apt. 549,Beardstad,73751
Christine Peterson,821,0566 Daniel Groves Apt. 916,Atkinsonview,19062
Amber Leach,822,48619 Ortiz Path,Brewerborough,10002
Vanessa Aguilar,823,1257 James Throughway,New Davidmouth,15263
Jordan Hall Jr.,824,4076 Stewart Expressway,North Rodneyville,76367
Erin Fischer,825,2856 Timothy Rapids,Jeffreymouth,50430
Sandra Brown,826,438 Jonathan Valleys,Lake Greg,73033
Leslie Cooke,827,510 Dickerson Groves,Aarontown,91312
Jason Stevens,828,93587 George Gateway,South Joshua,44662
David Beasley,829,0514 Brock Brook,North Jeanne,62591
Anna James,830,7637 Timothy Knoll Apt. 662,Randyborough,51573
Anthony Allen,831,987 Eugene Station Suite 365,East Michael,52350
William Clark,832,966 Ward Mountain Apt. 069,Cathymouth,81717
Chelsea Nelson,833,628 Barnes Ferry,New Marcusview,40842
Patrick Davis,834,4070 Gilbert Trafficway,Benderberg,35606
Christina Murray,835,69284 Stephanie Stravenue,Tylermouth,86926
Desiree Miller,836,5678 Kimberly Street,South Lisa,58696
John Allen,837,93792 Jenny Estate Suite 635,Port Kyle,59636
Michael Mckenzie,838,081 Jeffrey Circles,New George,28277
Christopher Jones,839,6518 Barbara Stravenue Suite 634,Lake Sarahmouth,17359
Heather Chang,840,072 Chad Shoals,Rubiochester,00815
Erica Adkins,841,6156 Robertson Alley,Warrenchester,57978
Tammy Mccoy,842,3094 Alexander Court,Teresaport,99907
Antonio Harvey,843,11467 Rice Meadows Apt. 060,Port Aaronside,06323
Patricia Frederick,844,204 Patricia Mountain,Jonesville,83624
Elizabeth Wolf,845,1398 Allen Land Apt. 460,West Kristinfort,98317
Dylan Ochoa,846,8319 Wade Estates Apt. 878,North Mary,47960
Diana Martin,847,565 Ali Mount Apt. 514,Lake Virginia,46829
Jeremy Lee,848,4424 Hill Fields,Lake Monicahaven,52465
Randy Williams,849,5651 Murillo Turnpike,Harrisonport,61652
Tracey Jackson,850,552 Reginald Falls,North Christophermouth,97258
Kelly Allison,851,449 Ochoa Springs,New Jonathanside,84623
Kevin Adkins,852,222 Olson Coves,East Richard,85155
Elizabeth Freeman,853,7403 John Light Suite 747,Taylorchester,13843
Sabrina Taylor,854,48924 Catherine Cove Apt. 929,Garyland,66739
Angela Velasquez,855,790 Thompson Inlet,Petermouth,30623
Alyssa Strong,856,196 Moyer Roads,North Courtneyhaven,62067
Mary Mendoza,857,538 Jeffrey Spur,Stevenfurt,82317
Raymond Johnson,858,3430 Simpson Unions Apt. 581,Burnschester,08950
Norman Barr,859,5081 Maureen Pass,New Teresaland,07286
Brian Alvarez,860,75782 Patrick Camp,South Renee,93411
Tyler Yoder,861,1163 Johnson Shores Apt. 294,Schultzton,54309
Paul Johnson,862,8119 Williams Gateway Apt. 665,Comptonside,18018
Margaret Martin,863,83804 Mcintyre Mountains,Garciastad,90789
Tina Pham,864,229 Taylor Roads,Johnmouth,79783
Alan Smith,865,324 Wheeler Burgs,Robertshire,74536
Angela Williams,866,0432 Teresa Burg,Carolynport,52061
Shannon Ellis,867,73835 Shaw Rapids,Penachester,08853
Rodney Lee DDS,868,61326 Hall Springs,Lake Kennethburgh,06670
Craig Riley,870,9679 Stevenson Route Suite 774,West Mercedesview,27124
Thomas Strong,871,66408 White Vista,New Jennifer,46640
William Bowen,872,7035 Christopher Track,New Ryanmouth,38593
Thomas Higgins,873,17999 Amanda Shoal,West Michael,56771
Sandra Miller,874,520 Grant Meadow Apt. 733,Jamesborough,40102
Dr. Logan Morrison,875,8444 Carrie Valleys Suite 312,Amandaberg,40968
James Hamilton,876,216 Melinda Stravenue,Vincentton,20407
Melanie Schmidt,877,479 Williams Trail Suite 855,North Robertmouth,93875
Mr. Thomas Herman DVM,878,69263 Thomas Crossing,Port Lynnview,39925
Tyler Cowan,879,875 Perry Radial Apt. 520,Smithstad,56089
Meredith Harrington,880,84268 Martin Landing Apt. 960,North Anthony,63482
David Moore,881,8613 Samuel Falls Apt. 465,Walshchester,56807
Amy Lamb,882,575 Sonia Curve Apt. 772,Smithchester,77725
Jeremy Alvarado,883,439 Mercer Common Suite 099,New Danafurt,34198
Olivia Ramos DDS,884,176 Vanessa Union Suite 735,New Jaredborough,54804
Wayne Blake,885,0964 Michael Route,North Sarah,83886
Kaitlyn Robertson,886,18871 Crawford Crossroad,South Haileystad,90151
Jeffrey Tate,887,7726 Tammy Mill Apt. 613,Estradaburgh,92486
Tracy Stephens,888,0893 Webb Freeway,Amandamouth,98320
Phillip Miller,889,0190 Roth View,Port Sheila,88387
Jonathan Ingram,890,099 Jennings Estate,Taylorside,10989
Cynthia Sanders,891,14022 Holden Key,New Lindseymouth,98289
Jesse Taylor,892,480 Jacob Mews,East Amberburgh,96028
Christopher Allen,893,71599 Melissa Drives Suite 966,Spencerview,11139
Christina Reed,894,012 Jimmy Spur Apt. 512,Reedhaven,60703
Katie Newton,895,169 Campbell Forks Apt. 801,Lake Michael,12695
Christine Watson MD,896,69791 Williams Mills,West Kimberlyton,64221
Sherri Garza,897,56308 Rachel Port Suite 646,Reyeschester,61185
Donald Diaz,898,99422 Bautista Mall,Howardtown,83082
Karen Washington,899,9981 Rachel Views Apt. 126,Elizabethberg,69327
Elizabeth Klein,900,732 Moore Cliffs Apt. 382,Port Deborahstad,69409
Maurice Martinez,901,0746 Rivera View,Lake Kimberly,50237
Tina Moore,902,81301 Ryan Mill Suite 167,East Anita,27484
Susan Martin,903,341 Torres Pike Apt. 772,Jesseton,49326
Charles Ellison,904,7001 Zachary Tunnel,Lake Ronald,27864
Lindsey Middleton,905,651 Justin Radial Suite 821,Brianstad,04573
Jennifer Shea,906,5664 Aguilar Island Suite 804,New Michele,44014
Kevin Hall,907,577 Moore Trace Suite 006,Ramirezport,75074
Nicole Wilson,908,6728 Brandy Causeway Apt. 218,West Ianstad,83043
Russell Mcfarland,909,81598 Wall Ways Apt. 481,Port Douglasburgh,19328
Michael Hamilton,910,2392 Wilson Cliffs Suite 766,North Jenniferborough,07446
Kathleen Rowe,911,950 Deborah Route,East Trevor,81266
Jean Graham,912,191 Daniel Fall Apt. 968,Markfort,47444
Mike Fritz,913,98288 Carter Unions,Mooreshire,13388
Edwin Carroll,914,4235 Anderson Brook Suite 968,Jamesland,33350
William Vega,915,49922 Gabrielle Corner,Greenburgh,40636
Linda Cooper,916,88267 Brown Place Apt. 953,Tylershire,03681
Susan Carroll,917,249 Virginia Neck,Robinsonfurt,07458
James Page,918,730 Heather Path Suite 705,East Katelynfort,21325
Alejandro Wiggins,919,83652 Palmer Ridges,Port Janet,13387
Christopher Haney,920,4230 Adams Pass Suite 861,Adamland,57796
Sandra Weaver,921,98978 David Isle Apt. 159,Vincenttown,09201
Christina Thomas MD,922,18825 Diaz Flats,Curtismouth,06925
Duane Estrada,923,698 Watkins Ford,South Megan,08032
Christopher Weaver,924,407 George Crossroad Apt. 298,East Patrickview,02679
Samantha Robles,925,999 Kristi Coves,Stephenburgh,94522
Justin Jones,926,63091 Hubbard Parkway,Lake Nicole,30073
Christopher Robinson,927,7200 Ware Spurs,South Zacharyton,79697
Michele Johnson,928,776 Joseph Plains,New Kristafort,89459
Sonya Blair,929,15278 Carl Mountain Suite 934,Markside,41808
Rachel Oliver,930,2957 Nelson Shoal,Hoffmanberg,93919
Angela Gay,931,48259 Perez Viaduct Apt. 518,Lake Maurice,87841
Kyle Zuniga,932,756 Kim Terrace,Cabrerahaven,06304
Joshua Nicholson,933,4099 Moon Fords Suite 245,North Deniseport,69851
Marie Anderson,934,17822 Sherry Prairie Suite 621,Lake Heather,25382
Tracey Roth,935,01718 Walsh Fort,South Carlos,31351
Joel Mora,936,700 Jeffrey Neck Suite 851,West Juan,70380
Angel Williams,937,1257 Melanie Fields,North Jeffreymouth,23677
Mitchell Wolfe,938,45064 Nelson Ridges Suite 757,Josephfurt,55882
Frank Walker,939,466 Guzman Cliffs,East Melissa,63929
Kathleen Gomez,940,06289 Schultz Trail Suite 045,Lake Johnburgh,07822
Sharon Taylor,941,475 Stone Creek Apt. 757,Tranland,82226
Rebecca Parrish,942,3542 Carroll Meadow Suite 552,Susanberg,38050
Debra Bush,943,0421 Lisa Mills Apt. 453,East Clairetown,09854
Kayla French,944,91314 Victoria Springs,Colemanbury,61409
Daniel Kim,945,60477 Joshua Way,Dawnview,61637
Jean Mays,946,740 Kelly Village,New Morganside,23214
Lori Schultz,947,50070 Pam Vista Apt. 954,Patrickfurt,29060
Christine Garcia,948,098 Thomas Tunnel Apt. 976,Webbberg,85490
Christopher Maldonado,949,038 Barbara Terrace,North Kimberly,90110
Mario Pearson,950,58298 Janet Crest Apt. 948,Mendezport,99730
Christopher Moran,951,7738 Harris Trafficway,West Victoria,09892
Jordan Peterson,952,02430 Jennifer Parks,Hollandchester,68596
David Smith,953,0201 Miller Park Suite 078,Chavezton,44932
Robert Norris,954,37711 Kara Plaza,Jacquelineshire,83502
Charles Taylor,955,702 Morton Locks,Stephanieside,64489
Donald Johnson,956,097 Rios Junctions Suite 166,Carterfort,90494
Lori Richards,957,31486 William Plains,South Adamfurt,79097
Mary Watts,958,754 Stewart Inlet,Ashleyport,27949
Kayla Curry,959,470 Parker Points Suite 873,East Garyberg,95643
Christine Tapia,960,7057 Hayes Run,Lauraburgh,98753
Gregory Ford,961,76713 Mary Locks Suite 904,South Nicoleland,73385
Ashlee Gomez,962,443 Bass Creek Apt. 115,Kevinland,48715
Michele Burke,963,92860 Erin Club,Crawfordmouth,19938
Dennis Hernandez,964,6475 Clark Club,Marymouth,80949
Stephen Reid,965,654 Cody Lakes Apt. 684,Phillipsborough,36105
Clifford Taylor,966,950 Little Extension,Lake Corey,80946
Priscilla Walters,967,1679 Paul Trail Apt. 373,Lake Mariatown,89701
Kristin Todd,968,7030 Woods Drives,Smithbury,90069
Thomas Benson,969,543 Brandon Roads,Katherinefurt,36940
Chad Martinez,970,833 Russo Grove Suite 842,New Patrick,76654
Richard Short,971,73443 Amanda Centers Suite 700,Christophertown,02075
Brandon Powers,972,89874 Tammy Crescent,Rebeccatown,63948
Nancy Knox,973,39987 Andrea Expressway,Stanleytown,75314
Kevin Smith,974,445 Erica Run Suite 793,Wilsonchester,32149
Kellie Watkins,975,51529 Anderson Burgs,Smithton,29656
Jorge Smith,976,331 Riley Isle Suite 016,Lake Alisonfort,61880
Sherry Vaughn,977,92088 Craig Glens,Nielsenland,52804
Joseph Bailey,978,76081 Jessica Park,Jennifershire,42321
Mrs. Rachel Camacho DDS,979,73263 Natalie Oval Apt. 721,Sandersshire,78388
Brian Chen,980,477 Washington Stream,Crawfordport,86368
Kim Byrd,981,1875 Edwards Mews Suite 720,Blankenshipberg,49939
Joseph Rodriguez,982,69107 Green Hollow Suite 880,Wilsonfort,36112
Angela Wilson,983,0215 Bennett Pines,West Julie,31952
Brian Harris,984,150 Acosta Vista,Roberttown,44127
William Hernandez,985,98697 Ruiz Harbors,Thomasshire,89978
Stephanie Dorsey,986,2246 Yvonne Inlet,Michelleville,99903
Amy Bryan,987,0150 Dustin Circle,East Noahside,88051
Erin Jones,988,794 Ellis Stream,Lewisberg,52305
Austin Miller,989,898 Cooper Rapids Suite 200,East Drew,09179
Emily Peters,990,462 Sanford Cliff Suite 741,Port Shaneton,81272
David Garcia,991,034 Wang Circles,Makaylafort,91548
Charles Colon,992,464 Jessica Prairie Suite 104,Yuside,83642
Karen Fletcher,993,19485 Raymond Skyway,Patrickside,88567
Lauren Combs,994,7209 Bernard Light,Wilkinschester,39417
Jaime Walker,995,468 Cassandra Hollow,Gonzalesland,40346
Nicole Miranda,996,117 Sanchez Lodge Suite 090,Reginaldton,56712
Adrian Hoover,997,6495 Gray Common,East Ericbury,14721
Michelle Williams,998,6540 Brown Canyon,West Ernestport,52281
Christina Bonilla,999,71139 Kevin Vista Suite 716,Hunterbury,05506
Denise Lopez,1000,14034 Thomas Trail,North Anna,43524
Michael Stanley,1001,453 Chan Drive Apt. 252,Robleshaven,46090
